股票代號,股票名稱,市場,產業分類,symbol
1101,台泥,上市,水泥工業,1101.TW
1102,亞泥,上市,水泥工業,1102.TW
1103,嘉泥,上市,水泥工業,1103.TW
1104,環泥,上市,水泥工業,1104.TW
1108,幸福,上市,水泥工業,1108.TW
1109,信大,上市,水泥工業,1109.TW
1110,東泥,上市,水泥工業,1110.TW
1201,味全,上市,食品工業,1201.TW
1203,味王,上市,食品工業,1203.TW
1210,大成,上市,食品工業,1210.TW
1213,大飲,上市,食品工業,1213.TW
1215,卜蜂,上市,食品工業,1215.TW
1216,統一,上市,食品工業,1216.TW
1217,愛之味,上市,食品工業,1217.TW
1218,泰山,上市,食品工業,1218.TW
1219,福壽,上市,食品工業,1219.TW
1220,台榮,上市,食品工業,1220.TW
1225,福懋油,上市,食品工業,1225.TW
1227,佳格,上市,食品工業,1227.TW
1229,聯華,上市,食品工業,1229.TW
1231,聯華食,上市,食品工業,1231.TW
1232,大統益,上市,食品工業,1232.TW
1233,天仁,上市,食品工業,1233.TW
1234,黑松,上市,食品工業,1234.TW
1235,興泰,上市,食品工業,1235.TW
1236,宏亞,上市,食品工業,1236.TW
1256,鮮活果汁-KY,上市,食品工業,1256.TW
1301,台塑,上市,塑膠工業,1301.TW
1303,南亞,上市,塑膠工業,1303.TW
1304,台聚,上市,塑膠工業,1304.TW
1305,華夏,上市,塑膠工業,1305.TW
1307,三芳,上市,塑膠工業,1307.TW
1308,亞聚,上市,塑膠工業,1308.TW
1309,台達化,上市,塑膠工業,1309.TW
1310,台苯,上市,塑膠工業,1310.TW
1312,國喬,上市,塑膠工業,1312.TW
1313,聯成,上市,塑膠工業,1313.TW
1314,中石化,上市,塑膠工業,1314.TW
1315,達新,上市,塑膠工業,1315.TW
1316,上曜,上市,建材營造,1316.TW
1319,東陽,上市,汽車工業,1319.TW
1321,大洋,上市,塑膠工業,1321.TW
1323,永裕,上市,塑膠工業,1323.TW
1324,地球,上市,塑膠工業,1324.TW
1325,恆大,上市,塑膠工業,1325.TW
1326,台化,上市,塑膠工業,1326.TW
1337,再生-KY,上市,塑膠工業,1337.TW
1338,廣華-KY,上市,汽車工業,1338.TW
1339,昭輝,上市,汽車工業,1339.TW
1340,勝悅-KY,上市,塑膠工業,1340.TW
1341,富林-KY,上市,塑膠工業,1341.TW
1342,八貫,上市,其他業,1342.TW
1402,遠東新,上市,紡織纖維,1402.TW
1409,新纖,上市,紡織纖維,1409.TW
1410,南染,上市,紡織纖維,1410.TW
1413,宏洲,上市,紡織纖維,1413.TW
1414,東和,上市,紡織纖維,1414.TW
1416,廣豐,上市,其他業,1416.TW
1417,嘉裕,上市,紡織纖維,1417.TW
1418,東華,上市,紡織纖維,1418.TW
1419,新紡,上市,紡織纖維,1419.TW
1423,利華,上市,紡織纖維,1423.TW
1432,大魯閣,上市,運動休閒業,1432.TW
1434,福懋,上市,紡織纖維,1434.TW
1435,中福,上市,其他業,1435.TW
1436,華友聯,上市,建材營造,1436.TW
1437,勤益控,上市,其他業,1437.TW
1438,三地開發,上市,建材營造,1438.TW
1439,雋揚,上市,建材營造,1439.TW
1440,南紡,上市,紡織纖維,1440.TW
1441,大東,上市,紡織纖維,1441.TW
1442,名軒,上市,建材營造,1442.TW
1443,立益物流,上市,其他業,1443.TW
1444,力麗,上市,紡織纖維,1444.TW
1445,大宇,上市,紡織纖維,1445.TW
1446,宏和,上市,紡織纖維,1446.TW
1447,力鵬,上市,紡織纖維,1447.TW
1449,佳和,上市,紡織纖維,1449.TW
1451,年興,上市,紡織纖維,1451.TW
1452,宏益,上市,紡織纖維,1452.TW
1453,大將,上市,建材營造,1453.TW
1454,台富,上市,紡織纖維,1454.TW
1455,集盛,上市,紡織纖維,1455.TW
1456,怡華,上市,建材營造,1456.TW
1457,宜進,上市,紡織纖維,1457.TW
1459,聯發,上市,紡織纖維,1459.TW
1460,宏遠,上市,紡織纖維,1460.TW
1463,強盛新,上市,紡織纖維,1463.TW
1464,得力,上市,紡織纖維,1464.TW
1465,偉全,上市,紡織纖維,1465.TW
1466,聚隆,上市,紡織纖維,1466.TW
1467,南緯,上市,紡織纖維,1467.TW
1468,昶和,上市,紡織纖維,1468.TW
1470,大統新創,上市,紡織纖維,1470.TW
1471,首利,上市,電子零組件業,1471.TW
1472,三洋實業,上市,建材營造,1472.TW
1473,台南,上市,紡織纖維,1473.TW
1474,弘裕,上市,紡織纖維,1474.TW
1475,業旺,上市,紡織纖維,1475.TW
1476,儒鴻,上市,紡織纖維,1476.TW
1477,聚陽,上市,紡織纖維,1477.TW
1503,士電,上市,電機機械,1503.TW
1504,東元,上市,電機機械,1504.TW
1506,正道,上市,電機機械,1506.TW
1512,瑞利,上市,汽車工業,1512.TW
1513,中興電,上市,電機機械,1513.TW
1514,亞力,上市,電機機械,1514.TW
1515,力山,上市,電機機械,1515.TW
1516,川飛,上市,其他業,1516.TW
1517,利奇,上市,電機機械,1517.TW
1519,華城,上市,電機機械,1519.TW
1521,大億,上市,汽車工業,1521.TW
1522,堤維西,上市,汽車工業,1522.TW
1524,耿鼎,上市,汽車工業,1524.TW
1525,江申,上市,汽車工業,1525.TW
1526,日馳,上市,電機機械,1526.TW
1527,鑽全,上市,電機機械,1527.TW
1528,恩德,上市,電機機械,1528.TW
1529,樂事綠能,上市,電機機械,1529.TW
1530,亞崴,上市,電機機械,1530.TW
1531,高林股,上市,電機機械,1531.TW
1532,勤美,上市,電機機械,1532.TW
1533,車王電,上市,汽車工業,1533.TW
1535,中宇,上市,電機機械,1535.TW
1536,和大,上市,汽車工業,1536.TW
1537,廣隆,上市,電機機械,1537.TW
1538,正峰,上市,電機機械,1538.TW
1539,巨庭,上市,電機機械,1539.TW
1540,喬福,上市,電機機械,1540.TW
1541,錩泰,上市,電機機械,1541.TW
1558,伸興,上市,電機機械,1558.TW
1560,中砂,上市,電機機械,1560.TW
1563,巧新,上市,汽車工業,1563.TW
1568,倉佑,上市,汽車工業,1568.TW
1582,信錦,上市,電子零組件業,1582.TW
1583,程泰,上市,電機機械,1583.TW
1587,吉茂,上市,汽車工業,1587.TW
1589,永冠-KY,上市,電機機械,1589.TW
1590,亞德客-KY,上市,電機機械,1590.TW
1597,直得,上市,電機機械,1597.TW
1598,岱宇,上市,運動休閒業,1598.TW
1603,華電,上市,電器電纜,1603.TW
1604,聲寶,上市,電器電纜,1604.TW
1605,華新,上市,電器電纜,1605.TW
1608,華榮,上市,電器電纜,1608.TW
1609,大亞,上市,電器電纜,1609.TW
1611,中電,上市,電器電纜,1611.TW
1612,宏泰,上市,電器電纜,1612.TW
1614,三洋電,上市,電器電纜,1614.TW
1615,大山,上市,電器電纜,1615.TW
1616,億泰,上市,電器電纜,1616.TW
1617,榮星,上市,電器電纜,1617.TW
1618,合機,上市,電器電纜,1618.TW
1623,大東電,上市,電器電纜,1623.TW
1626,艾美特-KY,上市,電器電纜,1626.TW
1702,南僑,上市,食品工業,1702.TW
1707,葡萄王,上市,生技醫療業,1707.TW
1708,東鹼,上市,化學工業,1708.TW
1709,和益,上市,化學工業,1709.TW
1710,東聯,上市,化學工業,1710.TW
1711,永光,上市,化學工業,1711.TW
1712,興農,上市,化學工業,1712.TW
1713,國化,上市,化學工業,1713.TW
1714,和桐,上市,化學工業,1714.TW
1717,長興,上市,化學工業,1717.TW
1718,中纖,上市,化學工業,1718.TW
1720,生達,上市,生技醫療業,1720.TW
1721,三晃,上市,化學工業,1721.TW
1722,台肥,上市,化學工業,1722.TW
1723,中碳,上市,化學工業,1723.TW
1725,元禎,上市,化學工業,1725.TW
1726,永記,上市,化學工業,1726.TW
1727,中華化,上市,化學工業,1727.TW
1730,花仙子,上市,化學工業,1730.TW
1731,美吾華,上市,生技醫療業,1731.TW
1732,毛寶,上市,化學工業,1732.TW
1733,五鼎,上市,生技醫療業,1733.TW
1734,杏輝,上市,生技醫療業,1734.TW
1735,日勝化,上市,化學工業,1735.TW
1736,喬山,上市,運動休閒業,1736.TW
1737,臺鹽,上市,食品工業,1737.TW
1752,南光,上市,生技醫療業,1752.TW
1760,寶齡富錦,上市,生技醫療業,1760.TW
1762,中化生,上市,生技醫療業,1762.TW
1773,勝一,上市,化學工業,1773.TW
1776,展宇,上市,化學工業,1776.TW
1783,和康生,上市,生技醫療業,1783.TW
1786,科妍,上市,生技醫療業,1786.TW
1789,神隆,上市,生技醫療業,1789.TW
1795,美時,上市,生技醫療業,1795.TW
1802,台玻,上市,玻璃陶瓷,1802.TW
1805,寶徠,上市,建材營造,1805.TW
1806,冠軍,上市,玻璃陶瓷,1806.TW
1808,潤隆,上市,建材營造,1808.TW
1809,中釉,上市,玻璃陶瓷,1809.TW
1810,和成,上市,玻璃陶瓷,1810.TW
1817,凱撒衛,上市,玻璃陶瓷,1817.TW
1903,士紙,上市,造紙工業,1903.TW
1904,正隆,上市,造紙工業,1904.TW
1905,華紙,上市,造紙工業,1905.TW
1906,寶隆,上市,造紙工業,1906.TW
1907,永豐餘,上市,造紙工業,1907.TW
1909,榮成,上市,造紙工業,1909.TW
2002,中鋼,上市,鋼鐵工業,2002.TW
2006,東和鋼鐵,上市,鋼鐵工業,2006.TW
2007,燁興,上市,鋼鐵工業,2007.TW
2008,高興昌,上市,鋼鐵工業,2008.TW
2009,第一銅,上市,鋼鐵工業,2009.TW
2010,春源,上市,鋼鐵工業,2010.TW
2012,春雨,上市,鋼鐵工業,2012.TW
2013,中鋼構,上市,鋼鐵工業,2013.TW
2014,中鴻,上市,鋼鐵工業,2014.TW
2015,豐興,上市,鋼鐵工業,2015.TW
2017,官田鋼,上市,鋼鐵工業,2017.TW
2020,美亞,上市,鋼鐵工業,2020.TW
2022,聚亨,上市,鋼鐵工業,2022.TW
2023,燁輝,上市,鋼鐵工業,2023.TW
2024,志聯,上市,鋼鐵工業,2024.TW
2025,千興,上市,鋼鐵工業,2025.TW
2027,大成鋼,上市,鋼鐵工業,2027.TW
2028,威致,上市,鋼鐵工業,2028.TW
2029,盛餘,上市,鋼鐵工業,2029.TW
2030,彰源,上市,鋼鐵工業,2030.TW
2031,新光鋼,上市,鋼鐵工業,2031.TW
2032,新鋼,上市,鋼鐵工業,2032.TW
2033,佳大,上市,鋼鐵工業,2033.TW
2034,允強,上市,鋼鐵工業,2034.TW
2038,海光,上市,鋼鐵工業,2038.TW
2049,上銀,上市,電機機械,2049.TW
2059,川湖,上市,電子零組件業,2059.TW
2062,橋椿,上市,居家生活業,2062.TW
2069,運錩,上市,鋼鐵工業,2069.TW
2072,世紀風電,上市,綠能環保業,2072.TW
2101,南港,上市,橡膠工業,2101.TW
2102,泰豐,上市,橡膠工業,2102.TW
2103,台橡,上市,橡膠工業,2103.TW
2104,國際中橡,上市,橡膠工業,2104.TW
2105,正新,上市,橡膠工業,2105.TW
2106,建大,上市,橡膠工業,2106.TW
2107,厚生,上市,橡膠工業,2107.TW
2108,南帝,上市,橡膠工業,2108.TW
2109,華豐,上市,橡膠工業,2109.TW
2114,鑫永銓,上市,橡膠工業,2114.TW
2115,六暉-KY,上市,汽車工業,2115.TW
2201,裕隆,上市,汽車工業,2201.TW
2204,中華,上市,汽車工業,2204.TW
2206,三陽工業,上市,汽車工業,2206.TW
2207,和泰車,上市,汽車工業,2207.TW
2208,台船,上市,航運業,2208.TW
2211,長榮鋼,上市,鋼鐵工業,2211.TW
2227,裕日車,上市,汽車工業,2227.TW
2228,劍麟,上市,汽車工業,2228.TW
2231,為升,上市,汽車工業,2231.TW
2233,宇隆,上市,汽車工業,2233.TW
2236,百達-KY,上市,汽車工業,2236.TW
2239,英利-KY,上市,汽車工業,2239.TW
2241,艾姆勒,上市,汽車工業,2241.TW
2243,宏旭-KY,上市,汽車工業,2243.TW
2247,汎德永業,上市,汽車工業,2247.TW
2248,華勝-KY,上市,汽車工業,2248.TW
2250,IKKA-KY,上市,汽車工業,2250.TW
2254,巨鎧精密-創,上市,汽車工業,2254.TW
2258,鴻華先進-創,上市,汽車工業,2258.TW
2301,光寶科,上市,電腦及週邊設備業,2301.TW
2302,麗正,上市,半導體業,2302.TW
2303,聯電,上市,半導體業,2303.TW
2305,全友,上市,電腦及週邊設備業,2305.TW
2308,台達電,上市,電子零組件業,2308.TW
2312,金寶,上市,其他電子業,2312.TW
2313,華通,上市,電子零組件業,2313.TW
2314,台揚,上市,通信網路業,2314.TW
2316,楠梓電,上市,電子零組件業,2316.TW
2317,鴻海,上市,其他電子業,2317.TW
2321,東訊,上市,通信網路業,2321.TW
2323,中環,上市,光電業,2323.TW
2324,仁寶,上市,電腦及週邊設備業,2324.TW
2327,國巨*,上市,電子零組件業,2327.TW
2328,廣宇,上市,電子零組件業,2328.TW
2329,華泰,上市,半導體業,2329.TW
2330,台積電,上市,半導體業,2330.TW
2331,精英,上市,電腦及週邊設備業,2331.TW
2332,友訊,上市,通信網路業,2332.TW
2337,旺宏,上市,半導體業,2337.TW
2338,光罩,上市,半導體業,2338.TW
2340,台亞,上市,半導體業,2340.TW
2342,茂矽,上市,半導體業,2342.TW
2344,華邦電,上市,半導體業,2344.TW
2345,智邦,上市,通信網路業,2345.TW
2347,聯強,上市,電子通路業,2347.TW
2348,海悅,上市,其他業,2348.TW
2349,錸德,上市,光電業,2349.TW
2351,順德,上市,半導體業,2351.TW
2352,佳世達,上市,電腦及週邊設備業,2352.TW
2353,宏碁,上市,電腦及週邊設備業,2353.TW
2354,鴻準,上市,其他電子業,2354.TW
2355,敬鵬,上市,電子零組件業,2355.TW
2356,英業達,上市,電腦及週邊設備業,2356.TW
2357,華碩,上市,電腦及週邊設備業,2357.TW
2359,所羅門,上市,其他電子業,2359.TW
2360,致茂,上市,其他電子業,2360.TW
2362,藍天,上市,電腦及週邊設備業,2362.TW
2363,矽統,上市,半導體業,2363.TW
2364,倫飛,上市,電腦及週邊設備業,2364.TW
2365,昆盈,上市,電腦及週邊設備業,2365.TW
2367,燿華,上市,電子零組件業,2367.TW
2368,金像電,上市,電子零組件業,2368.TW
2369,菱生,上市,半導體業,2369.TW
2371,大同,上市,電機機械,2371.TW
2373,震旦行,上市,其他電子業,2373.TW
2374,佳能,上市,光電業,2374.TW
2375,凱美,上市,電子零組件業,2375.TW
2376,技嘉,上市,電腦及週邊設備業,2376.TW
2377,微星,上市,電腦及週邊設備業,2377.TW
2379,瑞昱,上市,半導體業,2379.TW
2380,虹光,上市,電腦及週邊設備業,2380.TW
2382,廣達,上市,電腦及週邊設備業,2382.TW
2383,台光電,上市,電子零組件業,2383.TW
2385,群光,上市,電子零組件業,2385.TW
2387,精元,上市,電腦及週邊設備業,2387.TW
2388,威盛,上市,半導體業,2388.TW
2390,云辰,上市,其他電子業,2390.TW
2392,正崴,上市,電子零組件業,2392.TW
2393,億光,上市,光電業,2393.TW
2395,研華,上市,電腦及週邊設備業,2395.TW
2397,友通,上市,電腦及週邊設備業,2397.TW
2399,映泰,上市,電腦及週邊設備業,2399.TW
2401,凌陽,上市,半導體業,2401.TW
2402,毅嘉,上市,電子零組件業,2402.TW
2404,漢唐,上市,其他電子業,2404.TW
2405,輔信,上市,電腦及週邊設備業,2405.TW
2406,國碩,上市,光電業,2406.TW
2408,南亞科,上市,半導體業,2408.TW
2409,友達,上市,光電業,2409.TW
2412,中華電,上市,通信網路業,2412.TW
2413,環科,上市,電子零組件業,2413.TW
2414,精技,上市,電子通路業,2414.TW
2415,錩新,上市,電子零組件業,2415.TW
2417,圓剛,上市,電腦及週邊設備業,2417.TW
2419,仲琦,上市,通信網路業,2419.TW
2420,新巨,上市,電子零組件業,2420.TW
2421,建準,上市,電子零組件業,2421.TW
2423,固緯,上市,其他電子業,2423.TW
2424,隴華,上市,通信網路業,2424.TW
2425,承啟,上市,電腦及週邊設備業,2425.TW
2426,鼎元,上市,光電業,2426.TW
2427,三商電,上市,資訊服務業,2427.TW
2428,興勤,上市,電子零組件業,2428.TW
2429,銘旺科,上市,光電業,2429.TW
2430,燦坤,上市,電子通路業,2430.TW
2431,聯昌,上市,電子零組件業,2431.TW
2432,倚天酷碁-創,上市,電腦及週邊設備業,2432.TW
2433,互盛電,上市,其他電子業,2433.TW
2434,統懋,上市,半導體業,2434.TW
2436,偉詮電,上市,半導體業,2436.TW
2438,翔耀,上市,光電業,2438.TW
2439,美律,上市,通信網路業,2439.TW
2440,太空梭,上市,電子零組件業,2440.TW
2441,超豐,上市,半導體業,2441.TW
2442,新美齊,上市,建材營造,2442.TW
2444,兆勁,上市,通信網路業,2444.TW
2449,京元電子,上市,半導體業,2449.TW
2450,神腦,上市,通信網路業,2450.TW
2451,創見,上市,半導體業,2451.TW
2453,凌群,上市,資訊服務業,2453.TW
2454,聯發科,上市,半導體業,2454.TW
2455,全新,上市,通信網路業,2455.TW
2457,飛宏,上市,電子零組件業,2457.TW
2458,義隆,上市,半導體業,2458.TW
2459,敦吉,上市,其他電子業,2459.TW
2460,建通,上市,電子零組件業,2460.TW
2461,光群雷,上市,其他電子業,2461.TW
2462,良得電,上市,電子零組件業,2462.TW
2464,盟立,上市,其他電子業,2464.TW
2465,麗臺,上市,電腦及週邊設備業,2465.TW
2466,冠西電,上市,光電業,2466.TW
2467,志聖,上市,電子零組件業,2467.TW
2468,華經,上市,資訊服務業,2468.TW
2471,資通,上市,資訊服務業,2471.TW
2472,立隆電,上市,電子零組件業,2472.TW
2474,可成,上市,其他電子業,2474.TW
2476,鉅祥,上市,電子零組件業,2476.TW
2477,美隆電,上市,其他電子業,2477.TW
2478,大毅,上市,電子零組件業,2478.TW
2480,敦陽科,上市,資訊服務業,2480.TW
2481,強茂,上市,半導體業,2481.TW
2482,連宇,上市,其他電子業,2482.TW
2483,百容,上市,電子零組件業,2483.TW
2484,希華,上市,電子零組件業,2484.TW
2485,兆赫,上市,通信網路業,2485.TW
2486,一詮,上市,光電業,2486.TW
2488,漢平,上市,其他電子業,2488.TW
2489,瑞軒,上市,光電業,2489.TW
2491,吉祥全,上市,光電業,2491.TW
2492,華新科,上市,電子零組件業,2492.TW
2493,揚博,上市,電子零組件業,2493.TW
2495,普安,上市,電腦及週邊設備業,2495.TW
2496,卓越,上市,其他業,2496.TW
2497,怡利電,上市,汽車工業,2497.TW
2498,宏達電,上市,通信網路業,2498.TW
2501,國建,上市,建材營造,2501.TW
2504,國產,上市,建材營造,2504.TW
2505,國揚,上市,建材營造,2505.TW
2506,太設,上市,建材營造,2506.TW
2509,全坤建,上市,建材營造,2509.TW
2511,太子,上市,建材營造,2511.TW
2514,龍邦,上市,其他業,2514.TW
2515,中工,上市,建材營造,2515.TW
2516,新建,上市,建材營造,2516.TW
2520,冠德,上市,建材營造,2520.TW
2524,京城,上市,建材營造,2524.TW
2527,宏璟,上市,建材營造,2527.TW
2528,皇普,上市,建材營造,2528.TW
2530,華建,上市,建材營造,2530.TW
2534,宏盛,上市,建材營造,2534.TW
2535,達欣工,上市,建材營造,2535.TW
2536,宏普,上市,建材營造,2536.TW
2537,聯上發,上市,建材營造,2537.TW
2538,基泰,上市,建材營造,2538.TW
2539,櫻花建,上市,建材營造,2539.TW
2540,愛山林,上市,建材營造,2540.TW
2542,興富發,上市,建材營造,2542.TW
2543,皇昌,上市,建材營造,2543.TW
2545,皇翔,上市,建材營造,2545.TW
2546,根基,上市,建材營造,2546.TW
2547,日勝生,上市,建材營造,2547.TW
2548,華固,上市,建材營造,2548.TW
2597,潤弘,上市,建材營造,2597.TW
2601,益航,上市,航運業,2601.TW
2603,長榮,上市,航運業,2603.TW
2605,新興,上市,航運業,2605.TW
2606,裕民,上市,航運業,2606.TW
2607,榮運,上市,航運業,2607.TW
2608,嘉里大榮,上市,航運業,2608.TW
2609,陽明,上市,航運業,2609.TW
2610,華航,上市,航運業,2610.TW
2611,志信,上市,航運業,2611.TW
2612,中航,上市,航運業,2612.TW
2613,中櫃,上市,航運業,2613.TW
2614,東森,上市,其他業,2614.TW
2615,萬海,上市,航運業,2615.TW
2616,山隆,上市,油電燃氣業,2616.TW
2617,台航,上市,航運業,2617.TW
2618,長榮航,上市,航運業,2618.TW
2630,亞航,上市,航運業,2630.TW
2633,台灣高鐵,上市,航運業,2633.TW
2634,漢翔,上市,航運業,2634.TW
2636,台驊控股,上市,航運業,2636.TW
2637,慧洋-KY,上市,航運業,2637.TW
2642,宅配通,上市,航運業,2642.TW
2645,長榮航太,上市,航運業,2645.TW
2646,星宇航空,上市,航運業,2646.TW
2701,萬企,上市,觀光餐旅,2701.TW
2702,華園,上市,觀光餐旅,2702.TW
2704,國賓,上市,觀光餐旅,2704.TW
2705,六福,上市,觀光餐旅,2705.TW
2706,第一店,上市,觀光餐旅,2706.TW
2707,晶華,上市,觀光餐旅,2707.TW
2712,遠雄來,上市,觀光餐旅,2712.TW
2722,夏都,上市,觀光餐旅,2722.TW
2723,美食-KY,上市,觀光餐旅,2723.TW
2727,王品,上市,觀光餐旅,2727.TW
2731,雄獅,上市,觀光餐旅,2731.TW
2739,寒舍,上市,觀光餐旅,2739.TW
2748,雲品,上市,觀光餐旅,2748.TW
2753,八方雲集,上市,觀光餐旅,2753.TW
2762,世界健身-KY,上市,運動休閒業,2762.TW
2801,彰銀,上市,金融保險業,2801.TW
2812,台中銀,上市,金融保險業,2812.TW
2816,旺旺保,上市,金融保險業,2816.TW
2820,華票,上市,金融保險業,2820.TW
2832,台產,上市,金融保險業,2832.TW
2834,臺企銀,上市,金融保險業,2834.TW
2836,高雄銀,上市,金融保險業,2836.TW
2838,聯邦銀,上市,金融保險業,2838.TW
2845,遠東銀,上市,金融保險業,2845.TW
2849,安泰銀,上市,金融保險業,2849.TW
2850,新產,上市,金融保險業,2850.TW
2851,中再保,上市,金融保險業,2851.TW
2852,第一保,上市,金融保險業,2852.TW
2855,統一證,上市,金融保險業,2855.TW
2867,三商壽,上市,金融保險業,2867.TW
2880,華南金,上市,金融保險業,2880.TW
2881,富邦金,上市,金融保險業,2881.TW
2882,國泰金,上市,金融保險業,2882.TW
2883,凱基金,上市,金融保險業,2883.TW
2884,玉山金,上市,金融保險業,2884.TW
2885,元大金,上市,金融保險業,2885.TW
2886,兆豐金,上市,金融保險業,2886.TW
2887,台新新光金,上市,金融保險業,2887.TW
2889,國票金,上市,金融保險業,2889.TW
2890,永豐金,上市,金融保險業,2890.TW
2891,中信金,上市,金融保險業,2891.TW
2892,第一金,上市,金融保險業,2892.TW
2897,王道銀行,上市,金融保險業,2897.TW
2901,欣欣,上市,貿易百貨,2901.TW
2903,遠百,上市,貿易百貨,2903.TW
2904,匯僑,上市,其他業,2904.TW
2905,三商,上市,貿易百貨,2905.TW
2906,高林,上市,貿易百貨,2906.TW
2908,特力,上市,貿易百貨,2908.TW
2910,統領,上市,貿易百貨,2910.TW
2911,麗嬰房,上市,貿易百貨,2911.TW
2912,統一超,上市,貿易百貨,2912.TW
2913,農林,上市,貿易百貨,2913.TW
2915,潤泰全,上市,貿易百貨,2915.TW
2923,鼎固-KY,上市,建材營造,2923.TW
2929,淘帝-KY,上市,貿易百貨,2929.TW
2939,永邑-KY,上市,貿易百貨,2939.TW
2945,三商家購,上市,貿易百貨,2945.TW
3002,歐格,上市,電腦及週邊設備業,3002.TW
3003,健和興,上市,電子零組件業,3003.TW
3004,豐達科,上市,鋼鐵工業,3004.TW
3005,神基,上市,電腦及週邊設備業,3005.TW
3006,晶豪科,上市,半導體業,3006.TW
3008,大立光,上市,光電業,3008.TW
3010,華立,上市,電子通路業,3010.TW
3011,今皓,上市,電子零組件業,3011.TW
3013,晟銘電,上市,電腦及週邊設備業,3013.TW
3014,聯陽,上市,半導體業,3014.TW
3015,全漢,上市,電子零組件業,3015.TW
3016,嘉晶,上市,半導體業,3016.TW
3017,奇鋐,上市,電腦及週邊設備業,3017.TW
3018,隆銘綠能,上市,其他電子業,3018.TW
3019,亞光,上市,光電業,3019.TW
3021,鴻名,上市,電子零組件業,3021.TW
3022,威強電,上市,電腦及週邊設備業,3022.TW
3023,信邦,上市,電子零組件業,3023.TW
3024,憶聲,上市,光電業,3024.TW
3025,星通,上市,通信網路業,3025.TW
3026,禾伸堂,上市,電子零組件業,3026.TW
3027,盛達,上市,通信網路業,3027.TW
3028,增你強,上市,電子通路業,3028.TW
3029,零壹,上市,資訊服務業,3029.TW
3030,德律,上市,其他電子業,3030.TW
3031,佰鴻,上市,光電業,3031.TW
3032,偉訓,上市,電子零組件業,3032.TW
3033,威健,上市,電子通路業,3033.TW
3034,聯詠,上市,半導體業,3034.TW
3035,智原,上市,半導體業,3035.TW
3036,文曄,上市,電子通路業,3036.TW
3037,欣興,上市,電子零組件業,3037.TW
3038,全台,上市,光電業,3038.TW
3040,遠見,上市,其他業,3040.TW
3041,揚智,上市,半導體業,3041.TW
3042,晶技,上市,電子零組件業,3042.TW
3043,科風,上市,其他電子業,3043.TW
3044,健鼎,上市,電子零組件業,3044.TW
3045,台灣大,上市,通信網路業,3045.TW
3046,建碁,上市,電腦及週邊設備業,3046.TW
3047,訊舟,上市,通信網路業,3047.TW
3048,益登,上市,電子通路業,3048.TW
3049,精金,上市,光電業,3049.TW
3050,鈺德,上市,光電業,3050.TW
3051,力特,上市,光電業,3051.TW
3052,夆典,上市,建材營造,3052.TW
3054,立萬利,上市,食品工業,3054.TW
3055,蔚華科,上市,電子通路業,3055.TW
3056,富華新,上市,建材營造,3056.TW
3057,喬鼎,上市,電腦及週邊設備業,3057.TW
3058,立德,上市,電子零組件業,3058.TW
3059,華晶科,上市,光電業,3059.TW
3060,銘異,上市,電腦及週邊設備業,3060.TW
3062,建漢,上市,通信網路業,3062.TW
3090,日電貿,上市,電子零組件業,3090.TW
3092,鴻碩,上市,電子零組件業,3092.TW
3094,聯傑,上市,半導體業,3094.TW
3130,一零四,上市,數位雲端業,3130.TW
3135,凌航,上市,半導體業,3135.TW
3138,耀登,上市,通信網路業,3138.TW
3149,正達,上市,光電業,3149.TW
3150,鈺寶-創,上市,半導體業,3150.TW
3164,景岳,上市,生技醫療業,3164.TW
3167,大量,上市,電機機械,3167.TW
3168,眾福科,上市,光電業,3168.TW
3189,景碩,上市,半導體業,3189.TW
3209,全科,上市,電子通路業,3209.TW
3229,晟鈦,上市,電子零組件業,3229.TW
3231,緯創,上市,電腦及週邊設備業,3231.TW
3257,虹冠電,上市,半導體業,3257.TW
3266,昇陽,上市,建材營造,3266.TW
3296,勝德,上市,電子零組件業,3296.TW
3305,昇貿,上市,其他電子業,3305.TW
3308,聯德,上市,電子零組件業,3308.TW
3311,閎暉,上市,通信網路業,3311.TW
3312,弘憶股,上市,電子通路業,3312.TW
3321,同泰,上市,電子零組件業,3321.TW
3338,泰碩,上市,電子零組件業,3338.TW
3346,麗清,上市,汽車工業,3346.TW
3356,奇偶,上市,光電業,3356.TW
3376,新日興,上市,電子零組件業,3376.TW
3380,明泰,上市,通信網路業,3380.TW
3406,玉晶光,上市,光電業,3406.TW
3413,京鼎,上市,半導體業,3413.TW
3416,融程電,上市,電腦及週邊設備業,3416.TW
3419,譁裕,上市,通信網路業,3419.TW
3432,台端,上市,電子零組件業,3432.TW
3437,榮創,上市,光電業,3437.TW
3443,創意,上市,半導體業,3443.TW
3447,展達,上市,通信網路業,3447.TW
3450,聯鈞,上市,半導體業,3450.TW
3481,群創,上市,光電業,3481.TW
3494,誠研,上市,電腦及週邊設備業,3494.TW
3501,維熹,上市,電子零組件業,3501.TW
3504,揚明光,上市,光電業,3504.TW
3515,華擎,上市,電腦及週邊設備業,3515.TW
3518,柏騰,上市,其他電子業,3518.TW
3528,安馳,上市,電子通路業,3528.TW
3530,晶相光,上市,半導體業,3530.TW
3532,台勝科,上市,半導體業,3532.TW
3533,嘉澤,上市,電子零組件業,3533.TW
3535,晶彩科,上市,光電業,3535.TW
3543,州巧,上市,光電業,3543.TW
3545,敦泰,上市,半導體業,3545.TW
3550,聯穎,上市,電子零組件業,3550.TW
3557,嘉威,上市,居家生活業,3557.TW
3563,牧德,上市,光電業,3563.TW
3576,聯合再生,上市,光電業,3576.TW
3583,辛耘,上市,半導體業,3583.TW
3588,通嘉,上市,半導體業,3588.TW
3591,艾笛森,上市,光電業,3591.TW
3592,瑞鼎,上市,半導體業,3592.TW
3593,力銘,上市,電子零組件業,3593.TW
3596,智易,上市,通信網路業,3596.TW
3605,宏致,上市,電子零組件業,3605.TW
3607,谷崧,上市,電子零組件業,3607.TW
3617,碩天,上市,其他電子業,3617.TW
3622,洋華,上市,光電業,3622.TW
3645,達邁,上市,電子零組件業,3645.TW
3652,精聯,上市,電腦及週邊設備業,3652.TW
3653,健策,上市,電子零組件業,3653.TW
3661,世芯-KY,上市,半導體業,3661.TW
3665,貿聯-KY,上市,其他電子業,3665.TW
3669,圓展,上市,通信網路業,3669.TW
3673,TPK-KY,上市,光電業,3673.TW
3679,新至陞,上市,電子零組件業,3679.TW
3686,達能,上市,半導體業,3686.TW
3694,海華,上市,通信網路業,3694.TW
3701,大眾控,上市,電腦及週邊設備業,3701.TW
3702,大聯大,上市,電子通路業,3702.TW
3703,欣陸,上市,建材營造,3703.TW
3704,合勤控,上市,通信網路業,3704.TW
3705,永信,上市,生技醫療業,3705.TW
3706,神達,上市,電腦及週邊設備業,3706.TW
3708,上緯投控,上市,綠能環保業,3708.TW
3711,日月光投控,上市,半導體業,3711.TW
3712,永崴投控,上市,電腦及週邊設備業,3712.TW
3714,富采,上市,光電業,3714.TW
3715,定穎投控,上市,電子零組件業,3715.TW
3716,中化控股,上市,生技醫療業,3716.TW
3717,聯嘉投控,上市,汽車工業,3717.TW
4104,佳醫,上市,生技醫療業,4104.TW
4106,雃博,上市,生技醫療業,4106.TW
4108,懷特,上市,生技醫療業,4108.TW
4119,旭富,上市,生技醫療業,4119.TW
4133,亞諾法,上市,生技醫療業,4133.TW
4137,麗豐-KY,上市,生技醫療業,4137.TW
4142,國光生,上市,生技醫療業,4142.TW
4148,全宇生技-KY,上市,生技醫療業,4148.TW
4155,訊映,上市,生技醫療業,4155.TW
4164,承業醫,上市,生技醫療業,4164.TW
4169,泰宗,上市,生技醫療業,4169.TW
4178,永笙-KY,上市,生技醫療業,4178.TW
4190,佐登-KY,上市,生技醫療業,4190.TW
4195,基米-創,上市,生技醫療業,4195.TW
4306,炎洲,上市,塑膠工業,4306.TW
4414,如興,上市,紡織纖維,4414.TW
4426,利勤,上市,紡織纖維,4426.TW
4438,廣越,上市,紡織纖維,4438.TW
4439,冠星-KY,上市,紡織纖維,4439.TW
4440,宜新實業,上市,紡織纖維,4440.TW
4441,振大環球,上市,紡織纖維,4441.TW
4526,東台,上市,電機機械,4526.TW
4532,瑞智,上市,電機機械,4532.TW
4536,拓凱,上市,運動休閒業,4536.TW
4540,全球傳動,上市,電機機械,4540.TW
4545,銘鈺,上市,電子零組件業,4545.TW
4551,智伸科,上市,汽車工業,4551.TW
4552,力達-KY,上市,電機機械,4552.TW
4555,氣立,上市,電機機械,4555.TW
4557,永新-KY,上市,汽車工業,4557.TW
4560,強信-KY,上市,電機機械,4560.TW
4562,穎漢,上市,電機機械,4562.TW
4564,元翎,上市,電機機械,4564.TW
4566,時碩工業,上市,電機機械,4566.TW
4569,六方科-KY,上市,汽車工業,4569.TW
4571,鈞興-KY,上市,電機機械,4571.TW
4572,駐龍,上市,電機機械,4572.TW
4576,大銀微系統,上市,電機機械,4576.TW
4581,光隆精密-KY,上市,汽車工業,4581.TW
4582,聚恆-創,上市,綠能環保業,4582.TW
4583,台灣精銳,上市,電機機械,4583.TW
4585,達明,上市,其他電子業,4585.TW
4588,玖鼎電力,上市,其他電子業,4588.TW
4590,富田-創,上市,電機機械,4590.TW
4720,德淵,上市,化學工業,4720.TW
4722,國精化,上市,化學工業,4722.TW
4736,泰博,上市,生技醫療業,4736.TW
4737,華廣,上市,生技醫療業,4737.TW
4739,康普,上市,化學工業,4739.TW
4746,台耀,上市,生技醫療業,4746.TW
4755,三福化,上市,化學工業,4755.TW
4763,材料*-KY,上市,化學工業,4763.TW
4764,雙鍵,上市,化學工業,4764.TW
4766,南寶,上市,化學工業,4766.TW
4770,上品,上市,化學工業,4770.TW
4771,望隼,上市,生技醫療業,4771.TW
4807,日成-KY,上市,貿易百貨,4807.TW
4904,遠傳,上市,通信網路業,4904.TW
4906,正文,上市,通信網路業,4906.TW
4912,聯德控股-KY,上市,電子零組件業,4912.TW
4915,致伸,上市,電子零組件業,4915.TW
4916,事欣科,上市,電腦及週邊設備業,4916.TW
4919,新唐,上市,半導體業,4919.TW
4927,泰鼎-KY,上市,電子零組件業,4927.TW
4930,燦星網,上市,電器電纜,4930.TW
4934,太極,上市,光電業,4934.TW
4935,茂林-KY,上市,光電業,4935.TW
4938,和碩,上市,電腦及週邊設備業,4938.TW
4942,嘉彰,上市,光電業,4942.TW
4943,康控-KY,上市,電子零組件業,4943.TW
4949,有成精密,上市,光電業,4949.TW
4952,凌通,上市,半導體業,4952.TW
4956,光鋐,上市,光電業,4956.TW
4958,臻鼎-KY,上市,電子零組件業,4958.TW
4960,誠美材,上市,光電業,4960.TW
4961,天鈺,上市,半導體業,4961.TW
4967,十銓,上市,半導體業,4967.TW
4968,立積,上市,半導體業,4968.TW
4976,佳凌,上市,光電業,4976.TW
4977,眾達-KY,上市,通信網路業,4977.TW
4989,榮科,上市,電子零組件業,4989.TW
4994,傳奇,上市,資訊服務業,4994.TW
4999,鑫禾,上市,電子零組件業,4999.TW
5007,三星,上市,鋼鐵工業,5007.TW
5203,訊連,上市,資訊服務業,5203.TW
5215,科嘉-KY,上市,電腦及週邊設備業,5215.TW
5222,全訊,上市,半導體業,5222.TW
5225,東科-KY,上市,其他電子業,5225.TW
5234,達興材料,上市,光電業,5234.TW
5243,乙盛-KY,上市,光電業,5243.TW
5244,弘凱,上市,光電業,5244.TW
5258,虹堡,上市,電腦及週邊設備業,5258.TW
5269,祥碩,上市,半導體業,5269.TW
5283,禾聯碩,上市,電器電纜,5283.TW
5284,jpp-KY,上市,其他業,5284.TW
5285,界霖,上市,半導體業,5285.TW
5288,豐祥-KY,上市,電機機械,5288.TW
5292,華懋,上市,綠能環保業,5292.TW
5306,桂盟,上市,運動休閒業,5306.TW
5388,中磊,上市,通信網路業,5388.TW
5434,崇越,上市,電子通路業,5434.TW
5469,瀚宇博,上市,電子零組件業,5469.TW
5471,松翰,上市,半導體業,5471.TW
5484,慧友,上市,光電業,5484.TW
5515,建國,上市,建材營造,5515.TW
5519,隆大,上市,建材營造,5519.TW
5521,工信,上市,建材營造,5521.TW
5522,遠雄,上市,建材營造,5522.TW
5525,順天,上市,建材營造,5525.TW
5531,鄉林,上市,建材營造,5531.TW
5533,皇鼎,上市,建材營造,5533.TW
5534,長虹,上市,建材營造,5534.TW
5538,東明-KY,上市,鋼鐵工業,5538.TW
5546,永固-KY,上市,建材營造,5546.TW
5607,遠雄港,上市,航運業,5607.TW
5608,四維航,上市,航運業,5608.TW
5706,鳳凰,上市,觀光餐旅,5706.TW
5871,中租-KY,上市,其他業,5871.TW
5876,上海商銀,上市,金融保險業,5876.TW
5880,合庫金,上市,金融保險業,5880.TW
5906,台南-KY,上市,貿易百貨,5906.TW
5907,大洋-KY,上市,貿易百貨,5907.TW
6005,群益證,上市,金融保險業,6005.TW
6024,群益期,上市,金融保險業,6024.TW
6108,競國,上市,電子零組件業,6108.TW
6112,邁達特,上市,資訊服務業,6112.TW
6115,鎰勝,上市,電子零組件業,6115.TW
6116,彩晶,上市,光電業,6116.TW
6117,迎廣,上市,電腦及週邊設備業,6117.TW
6120,達運,上市,光電業,6120.TW
6128,上福,上市,電腦及週邊設備業,6128.TW
6133,金橋,上市,電子零組件業,6133.TW
6136,富爾特,上市,通信網路業,6136.TW
6139,亞翔,上市,其他電子業,6139.TW
6141,柏承,上市,電子零組件業,6141.TW
6142,友勁,上市,通信網路業,6142.TW
6152,百一,上市,通信網路業,6152.TW
6153,嘉聯益,上市,電子零組件業,6153.TW
6155,鈞寶,上市,電子零組件業,6155.TW
6164,華興,上市,光電業,6164.TW
6165,浪凡,上市,數位雲端業,6165.TW
6166,凌華,上市,電腦及週邊設備業,6166.TW
6168,宏齊,上市,光電業,6168.TW
6176,瑞儀,上市,光電業,6176.TW
6177,達麗,上市,建材營造,6177.TW
6183,關貿,上市,資訊服務業,6183.TW
6184,大豐電,上市,其他業,6184.TW
6189,豐藝,上市,電子通路業,6189.TW
6191,精成科,上市,電子零組件業,6191.TW
6192,巨路,上市,其他電子業,6192.TW
6196,帆宣,上市,其他電子業,6196.TW
6197,佳必琪,上市,電子零組件業,6197.TW
6201,亞弘電,上市,其他電子業,6201.TW
6202,盛群,上市,半導體業,6202.TW
6205,詮欣,上市,電子零組件業,6205.TW
6206,飛捷,上市,電腦及週邊設備業,6206.TW
6209,今國光,上市,光電業,6209.TW
6213,聯茂,上市,電子零組件業,6213.TW
6214,精誠,上市,資訊服務業,6214.TW
6215,和椿,上市,其他電子業,6215.TW
6216,居易,上市,通信網路業,6216.TW
6224,聚鼎,上市,電子零組件業,6224.TW
6225,天瀚,上市,光電業,6225.TW
6226,光鼎,上市,光電業,6226.TW
6230,尼得科超眾,上市,電腦及週邊設備業,6230.TW
6235,華孚,上市,電腦及週邊設備業,6235.TW
6239,力成,上市,半導體業,6239.TW
6243,迅杰,上市,半導體業,6243.TW
6257,矽格,上市,半導體業,6257.TW
6269,台郡,上市,電子零組件業,6269.TW
6271,同欣電,上市,半導體業,6271.TW
6272,驊陞,上市,電子零組件業,6272.TW
6277,宏正,上市,電腦及週邊設備業,6277.TW
6278,台表科,上市,光電業,6278.TW
6281,全國電,上市,電子通路業,6281.TW
6282,康舒,上市,電子零組件業,6282.TW
6283,淳安,上市,其他電子業,6283.TW
6285,啟碁,上市,通信網路業,6285.TW
6405,悅城,上市,光電業,6405.TW
6409,旭隼,上市,其他電子業,6409.TW
6412,群電,上市,電子零組件業,6412.TW
6414,樺漢,上市,電腦及週邊設備業,6414.TW
6415,矽力*-KY,上市,半導體業,6415.TW
6416,瑞祺電通,上市,通信網路業,6416.TW
6426,統新,上市,通信網路業,6426.TW
6431,光麗-KY,上市,生技醫療業,6431.TW
6438,迅得,上市,其他電子業,6438.TW
6442,光聖,上市,通信網路業,6442.TW
6443,元晶,上市,光電業,6443.TW
6446,藥華藥,上市,生技醫療業,6446.TW
6449,鈺邦,上市,電子零組件業,6449.TW
6451,訊芯-KY,上市,半導體業,6451.TW
6456,GIS-KY,上市,光電業,6456.TW
6464,台數科,上市,其他業,6464.TW
6472,保瑞,上市,生技醫療業,6472.TW
6477,安集,上市,光電業,6477.TW
6491,晶碩,上市,生技醫療業,6491.TW
6504,南六,上市,其他業,6504.TW
6505,台塑化,上市,油電燃氣業,6505.TW
6515,穎崴,上市,半導體業,6515.TW
6525,捷敏-KY,上市,半導體業,6525.TW
6526,達發,上市,半導體業,6526.TW
6531,愛普*,上市,半導體業,6531.TW
6533,晶心科,上市,半導體業,6533.TW
6534,正瀚-創,上市,生技醫療業,6534.TW
6541,泰福-KY,上市,生技醫療業,6541.TW
6550,北極星藥業-KY,上市,生技醫療業,6550.TW
6552,易華電,上市,半導體業,6552.TW
6558,興能高,上市,其他電子業,6558.TW
6573,虹揚-KY,上市,半導體業,6573.TW
6579,研揚,上市,電腦及週邊設備業,6579.TW
6581,鋼聯,上市,綠能環保業,6581.TW
6582,申豐,上市,橡膠工業,6582.TW
6585,鼎基,上市,其他業,6585.TW
6589,台康生技,上市,生技醫療業,6589.TW
6591,動力-KY,上市,電腦及週邊設備業,6591.TW
6592,和潤企業,上市,其他業,6592.TW
6598,ABC-KY,上市,生技醫療業,6598.TW
6605,帝寶,上市,汽車工業,6605.TW
6606,建德工業,上市,電機機械,6606.TW
6614,資拓宏宇,上市,數位雲端業,6614.TW
6625,必應,上市,其他業,6625.TW
6641,基士德-KY,上市,綠能環保業,6641.TW
6645,金萬林-創,上市,生技醫療業,6645.TW
6655,科定,上市,其他業,6655.TW
6657,華安,上市,生技醫療業,6657.TW
6658,聯策,上市,其他電子業,6658.TW
6666,羅麗芬-KY,上市,生技醫療業,6666.TW
6668,中揚光,上市,光電業,6668.TW
6669,緯穎,上市,電腦及週邊設備業,6669.TW
6670,復盛應用,上市,運動休閒業,6670.TW
6671,三能-KY,上市,居家生活業,6671.TW
6672,騰輝電子-KY,上市,電子零組件業,6672.TW
6674,鋐寶科技,上市,通信網路業,6674.TW
6689,伊雲谷,上市,數位雲端業,6689.TW
6691,洋基工程,上市,其他電子業,6691.TW
6695,芯鼎,上市,半導體業,6695.TW
6698,旭暉應材,上市,其他電子業,6698.TW
6706,惠特,上市,光電業,6706.TW
6715,嘉基,上市,電子零組件業,6715.TW
6719,力智,上市,半導體業,6719.TW
6722,輝創,上市,其他電子業,6722.TW
6742,澤米,上市,光電業,6742.TW
6743,安普新,上市,其他電子業,6743.TW
6753,龍德造船,上市,航運業,6753.TW
6754,匯僑設計,上市,居家生活業,6754.TW
6756,威鋒電子,上市,半導體業,6756.TW
6757,台灣虎航,上市,航運業,6757.TW
6768,志強-KY,上市,運動休閒業,6768.TW
6770,力積電,上市,半導體業,6770.TW
6771,平和環保-創,上市,綠能環保業,6771.TW
6776,展碁國際,上市,電子通路業,6776.TW
6781,AES-KY,上市,電子零組件業,6781.TW
6782,視陽,上市,生技醫療業,6782.TW
6789,采鈺,上市,半導體業,6789.TW
6790,永豐實,上市,造紙工業,6790.TW
6792,詠業,上市,通信網路業,6792.TW
6794,向榮生技,上市,生技醫療業,6794.TW
6796,晉弘,上市,生技醫療業,6796.TW
6799,來頡,上市,半導體業,6799.TW
6805,富世達,上市,電子零組件業,6805.TW
6806,森崴能源,上市,綠能環保業,6806.TW
6807,峰源-KY,上市,居家生活業,6807.TW
6830,汎銓,上市,其他電子業,6830.TW
6831,邁科,上市,電腦及週邊設備業,6831.TW
6834,天二科技,上市,電子零組件業,6834.TW
6835,圓裕,上市,電子零組件業,6835.TW
6838,台新藥,上市,生技醫療業,6838.TW
6854,錼創科技-KY創,上市,半導體業,6854.TW
6861,睿生光電,上市,生技醫療業,6861.TW
6862,三集瑞-KY,上市,電子零組件業,6862.TW
6863,永道-KY,上市,通信網路業,6863.TW
6869,雲豹能源,上市,綠能環保業,6869.TW
6873,泓德能源,上市,綠能環保業,6873.TW
6885,全福生技,上市,生技醫療業,6885.TW
6887,寶綠特-KY,上市,綠能環保業,6887.TW
6890,來億-KY,上市,運動休閒業,6890.TW
6901,鑽石投資,上市,其他業,6901.TW
6902,GOGOLOOK,上市,數位雲端業,6902.TW
6906,現觀科,上市,數位雲端業,6906.TW
6908,宏碁遊戲-創,上市,電子通路業,6908.TW
6909,創控,上市,半導體業,6909.TW
6914,阜爾運通,上市,其他業,6914.TW
6916,華凌,上市,光電業,6916.TW
6918,愛派司,上市,生技醫療業,6918.TW
6919,康霈*,上市,生技醫療業,6919.TW
6921,嘉雨思-創,上市,半導體業,6921.TW
6923,中台,上市,綠能環保業,6923.TW
6924,榮惠-KY創,上市,電子零組件業,6924.TW
6928,攸泰科技,上市,電腦及週邊設備業,6928.TW
6931,青松健康,上市,生技醫療業,6931.TW
6933,AMAX-KY,上市,電腦及週邊設備業,6933.TW
6934,心誠鎂,上市,生技醫療業,6934.TW
6936,永鴻生技,上市,生技醫療業,6936.TW
6937,天虹,上市,半導體業,6937.TW
6944,兆聯實業,上市,綠能環保業,6944.TW
6949,沛爾生醫-創,上市,生技醫療業,6949.TW
6951,青新-創,上市,綠能環保業,6951.TW
6952,大武山,上市,其他業,6952.TW
6955,邦睿生技-創,上市,生技醫療業,6955.TW
6957,裕慶-KY,上市,其他業,6957.TW
6958,日盛台駿,上市,其他業,6958.TW
6962,奕力-KY,上市,半導體業,6962.TW
6965,中傑-KY,上市,運動休閒業,6965.TW
6969,成信實業*-創,上市,綠能環保業,6969.TW
6988,威力暘-創,上市,汽車工業,6988.TW
6994,富威電力,上市,綠能環保業,6994.TW
7610,聯友金屬-創,上市,綠能環保業,7610.TW
7631,聚賢研發-創,上市,其他電子業,7631.TW
7705,三商餐飲,上市,觀光餐旅,7705.TW
7711,永擎,上市,電腦及週邊設備業,7711.TW
7721,微程式,上市,數位雲端業,7721.TW
7722,LINEPAY,上市,數位雲端業,7722.TW
7730,暉盛-創,上市,半導體業,7730.TW
7732,金興精密,上市,汽車工業,7732.TW
7736,虎山,上市,汽車工業,7736.TW
7740,熙特爾-創,上市,綠能環保業,7740.TW
7749,意騰-KY,上市,半導體業,7749.TW
7750,新代,上市,電機機械,7750.TW
7760,享溫馨,上市,觀光餐旅,7760.TW
7765,中華資安,上市,數位雲端業,7765.TW
7768,頌勝科技,上市,半導體業,7768.TW
7769,鴻勁,上市,半導體業,7769.TW
7780,大研生醫*,上市,食品工業,7780.TW
7786,東方風能,上市,綠能環保業,7786.TW
7788,松川精密,上市,電子零組件業,7788.TW
7791,皇家可口,上市,食品工業,7791.TW
7795,長廣,上市,電子零組件業,7795.TW
7799,禾榮科,上市,生技醫療業,7799.TW
7803,雲象科技-創,上市,生技醫療業,7803.TW
7818,溢泰實業,上市,綠能環保業,7818.TW
7821,神數,上市,汽車工業,7821.TW
7822,倍利科,上市,半導體業,7822.TW
7823,奧義賽博-KY創,上市,數位雲端業,7823.TW
7827,漢康-KY創,上市,生技醫療業,7827.TW
8011,台通,上市,通信網路業,8011.TW
8016,矽創,上市,半導體業,8016.TW
8021,尖點,上市,其他電子業,8021.TW
8028,昇陽半導體,上市,半導體業,8028.TW
8033,雷虎,上市,其他業,8033.TW
8039,台虹,上市,電子零組件業,8039.TW
8045,達運光電,上市,通信網路業,8045.TW
8046,南電,上市,電子零組件業,8046.TW
8070,長華*,上市,電子通路業,8070.TW
8072,陞泰,上市,電子通路業,8072.TW
8081,致新,上市,半導體業,8081.TW
8101,華冠,上市,通信網路業,8101.TW
8103,瀚荃,上市,電子零組件業,8103.TW
8104,錸寶,上市,光電業,8104.TW
8105,凌巨,上市,光電業,8105.TW
8110,華東,上市,半導體業,8110.TW
8112,至上,上市,電子通路業,8112.TW
8114,振樺電,上市,電腦及週邊設備業,8114.TW
8131,福懋科,上市,半導體業,8131.TW
8150,南茂,上市,半導體業,8150.TW
8162,微矽電子-創,上市,半導體業,8162.TW
8163,達方,上市,電腦及週邊設備業,8163.TW
8201,無敵,上市,其他電子業,8201.TW
8210,勤誠,上市,電腦及週邊設備業,8210.TW
8213,志超,上市,電子零組件業,8213.TW
8215,明基材,上市,光電業,8215.TW
8222,寶一,上市,電機機械,8222.TW
8249,菱光,上市,電子零組件業,8249.TW
8261,富鼎,上市,半導體業,8261.TW
8271,宇瞻,上市,半導體業,8271.TW
8341,日友,上市,綠能環保業,8341.TW
8367,建新國際,上市,航運業,8367.TW
8374,羅昇,上市,電機機械,8374.TW
8404,百和興業-KY,上市,其他業,8404.TW
8411,福貞-KY,上市,其他業,8411.TW
8422,可寧衛*,上市,綠能環保業,8422.TW
8429,金麗-KY,上市,貿易百貨,8429.TW
8438,昶昕,上市,綠能環保業,8438.TW
8442,威宏-KY,上市,其他業,8442.TW
8443,阿瘦,上市,貿易百貨,8443.TW
8454,富邦媒,上市,數位雲端業,8454.TW
8462,柏文,上市,運動休閒業,8462.TW
8463,潤泰材,上市,其他業,8463.TW
8464,億豐,上市,居家生活業,8464.TW
8466,美吉吉-KY,上市,其他業,8466.TW
8467,波力-KY,上市,運動休閒業,8467.TW
8473,山林水,上市,綠能環保業,8473.TW
8476,台境*,上市,綠能環保業,8476.TW
8478,東哥遊艇,上市,運動休閒業,8478.TW
8481,政伸,上市,其他業,8481.TW
8482,商億-KY,上市,居家生活業,8482.TW
8487,愛爾達-創,上市,數位雲端業,8487.TW
8488,吉源-KY,上市,其他業,8488.TW
8499,鼎炫-KY,上市,其他電子業,8499.TW
8926,台汽電,上市,油電燃氣業,8926.TW
8940,新天地,上市,觀光餐旅,8940.TW
8996,高力,上市,電機機械,8996.TW
9103,美德醫療-DR,上市,91,9103.TW
9105,泰金寶-DR,上市,91,9105.TW
9110,越南控-DR,上市,91,9110.TW
9136,巨騰-DR,上市,91,9136.TW
9802,鈺齊-KY,上市,運動休閒業,9802.TW
9902,台火,上市,其他業,9902.TW
9904,寶成,上市,運動休閒業,9904.TW
9905,大華,上市,其他業,9905.TW
9906,欣巴巴,上市,建材營造,9906.TW
9907,統一實,上市,其他業,9907.TW
9908,大台北,上市,油電燃氣業,9908.TW
9910,豐泰,上市,運動休閒業,9910.TW
9911,櫻花,上市,居家生活業,9911.TW
9912,偉聯,上市,電腦及週邊設備業,9912.TW
9914,美利達,上市,運動休閒業,9914.TW
9917,中保科,上市,其他業,9917.TW
9918,欣天然,上市,油電燃氣業,9918.TW
9919,康那香,上市,其他業,9919.TW
9921,巨大,上市,運動休閒業,9921.TW
9924,福興,上市,居家生活業,9924.TW
9925,新保,上市,其他業,9925.TW
9926,新海,上市,油電燃氣業,9926.TW
9927,泰銘,上市,其他業,9927.TW
9928,中視,上市,其他業,9928.TW
9929,秋雨,上市,其他業,9929.TW
9930,中聯資源,上市,綠能環保業,9930.TW
9931,欣高,上市,油電燃氣業,9931.TW
9933,中鼎,上市,其他業,9933.TW
9934,成霖,上市,居家生活業,9934.TW
9935,慶豐富,上市,居家生活業,9935.TW
9937,全國,上市,油電燃氣業,9937.TW
9938,百和,上市,其他業,9938.TW
9939,宏全,上市,其他業,9939.TW
9940,信義,上市,其他業,9940.TW
9941,裕融,上市,其他業,9941.TW
9942,茂順,上市,其他業,9942.TW
9943,好樂迪,上市,觀光餐旅,9943.TW
9944,新麗,上市,其他業,9944.TW
9945,潤泰新,上市,其他業,9945.TW
9946,三發地產,上市,建材營造,9946.TW
9955,佳龍,上市,綠能環保業,9955.TW
9958,世紀鋼,上市,鋼鐵工業,9958.TW
1240,茂生農經股份有限公司,上櫃,農業科技業,1240.TWO
1259,安心食品服務股份有限公司,上櫃,觀光餐旅,1259.TWO
1264,德麥食品股份有限公司,上櫃,食品工業,1264.TWO
1268,漢來美食股份有限公司,上櫃,觀光餐旅,1268.TWO
1294,漢田生技股份有限公司,上櫃,食品工業,1294.TWO
1295,生合生物科技股份有限公司,上櫃,食品工業,1295.TWO
1336,台翰精密科技股份有限公司,上櫃,電子零組件業,1336.TWO
1565,精華光學股份有限公司,上櫃,生技醫療業,1565.TWO
1569,濱川企業股份有限公司,上櫃,電腦及週邊設備業,1569.TWO
1570,力肯實業股份有限公司,上櫃,電機機械,1570.TWO
1580,新麥企業股份有限公司,上櫃,電機機械,1580.TWO
1584,精剛精密科技股份有限公司,上櫃,其他業,1584.TWO
1586,和勤精機股份有限公司,上櫃,電機機械,1586.TWO
1591,英屬開曼群島商駿吉控股(股)公司,上櫃,電機機械,1591.TWO
1593,祺驊股份有限公司,上櫃,運動休閒業,1593.TWO
1595,川寶科技股份有限公司,上櫃,半導體業,1595.TWO
1599,宏佳騰動力科技股份有限公司,上櫃,電機機械,1599.TWO
1742,台灣蠟品股份有限公司,上櫃,化學工業,1742.TWO
1777,生泰合成工業股份有限公司,上櫃,生技醫療業,1777.TWO
1781,合世生醫科技股份有限公司,上櫃,生技醫療業,1781.TWO
1784,訊聯生物科技股份有限公司,上櫃,生技醫療業,1784.TWO
1785,光洋應用材料科技股份有限公司,上櫃,其他電子業,1785.TWO
1788,杏昌生技股份有限公司,上櫃,生技醫療業,1788.TWO
1796,金穎生物科技股份有限公司,上櫃,食品工業,1796.TWO
1799,易威生醫科技股份有限公司,上櫃,生技醫療業,1799.TWO
1813,寶利徠光學科技股份有限公司,上櫃,生技醫療業,1813.TWO
1815,富喬工業股份有限公司,上櫃,電子零組件業,1815.TWO
2035,唐榮鐵工廠股份有限公司,上櫃,鋼鐵工業,2035.TWO
2061,風青實業股份有限公司,上櫃,電器電纜,2061.TWO
2063,世鎧精密股份有限公司,上櫃,鋼鐵工業,2063.TWO
2064,晉椿工業股份有限公司,上櫃,鋼鐵工業,2064.TWO
2065,世豐螺絲股份有限公司,上櫃,鋼鐵工業,2065.TWO
2066,世德工業股份有限公司,上櫃,電機機械,2066.TWO
2067,嘉鋼精密工業股份有限公司,上櫃,電機機械,2067.TWO
2070,精湛光學科技股份有限公司,上櫃,電機機械,2070.TWO
2073,雄順金屬股份有限公司,上櫃,鋼鐵工業,2073.TWO
2221,大甲永和機械工業股份有限公司,上櫃,其他業,2221.TWO
2230,泰茂實業股份有限公司,上櫃,居家生活業,2230.TWO
2235,謚源實業股份有限公司,上櫃,電機機械,2235.TWO
2596,綠意開發股份有限公司,上櫃,建材營造,2596.TWO
2640,台灣大車隊股份有限公司,上櫃,數位雲端業,2640.TWO
2641,正德海運股份有限公司,上櫃,航運業,2641.TWO
2643,捷迅股份有限公司,上櫃,航運業,2643.TWO
2718,全心投資控股股份有限公司,上櫃,建材營造,2718.TWO
2719,台鋼燦星國際旅行社股份有限公司,上櫃,觀光餐旅,2719.TWO
2724,藝舍國際創新股份有限公司,上櫃,其他業,2724.TWO
2726,雅茗天地股份有限公司,上櫃,觀光餐旅,2726.TWO
2729,瓦城泰統股份有限公司,上櫃,觀光餐旅,2729.TWO
2732,六角國際事業股份有限公司,上櫃,觀光餐旅,2732.TWO
2734,易飛網國際旅行社股份有限公司,上櫃,觀光餐旅,2734.TWO
2736,富野大飯店股份有限公司,上櫃,觀光餐旅,2736.TWO
2740,華軒地產股份有限公司,上櫃,觀光餐旅,2740.TWO
2743,山富國際旅行社股份有限公司,上櫃,觀光餐旅,2743.TWO
2745,五福旅行社股份有限公司,上櫃,觀光餐旅,2745.TWO
2751,王座國際餐飲股份有限公司,上櫃,觀光餐旅,2751.TWO
2752,豆府股份有限公司,上櫃,觀光餐旅,2752.TWO
2754,亞洲藏壽司股份有限公司,上櫃,觀光餐旅,2754.TWO
2755,揚秦國際企業股份有限公司,上櫃,觀光餐旅,2755.TWO
2756,聯發國際餐飲事業股份有限公司,上櫃,觀光餐旅,2756.TWO
2916,滿心企業股份有限公司,上櫃,居家生活業,2916.TWO
2924,開曼群島宏太股份有限公司,上櫃,居家生活業,2924.TWO
2926,誠品生活股份有限公司,上櫃,文化創意業,2926.TWO
2937,集雅社股份有限公司,上櫃,居家生活業,2937.TWO
2941,米斯特國際企業股份有限公司,上櫃,居家生活業,2941.TWO
2947,振宇五金股份有限公司,上櫃,居家生活業,2947.TWO
2948,寶陞國際股份有限公司,上櫃,居家生活業,2948.TWO
2949,欣新網股份有限公司,上櫃,數位雲端業,2949.TWO
3064,泰偉電子股份有限公司,上櫃,文化創意業,3064.TWO
3066,李洲科技股份有限公司,上櫃,光電業,3066.TWO
3067,全域股份有限公司,上櫃,居家生活業,3067.TWO
3071,協禧電機股份有限公司,上櫃,電腦及週邊設備業,3071.TWO
3073,天方能源科技股份有限公司,上櫃,綠能環保業,3073.TWO
3078,僑威科技股份有限公司,上櫃,電子零組件業,3078.TWO
3081,聯亞光電工業股份有限公司,上櫃,通信網路業,3081.TWO
3083,中華網龍股份有限公司,上櫃,文化創意業,3083.TWO
3085,台鋼新零售股份有限公司,上櫃,數位雲端業,3085.TWO
3086,華義國際數位娛樂股份有限公司,上櫃,文化創意業,3086.TWO
3088,艾訊股份有限公司,上櫃,電腦及週邊設備業,3088.TWO
3093,台灣港建股份有限公司,上櫃,其他電子業,3093.TWO
3095,及成企業股份有限公司,上櫃,通信網路業,3095.TWO
3105,穩懋半導體股份有限公司,上櫃,半導體業,3105.TWO
3114,好德科技股份有限公司,上櫃,電子零組件業,3114.TWO
3115,富育榮綱股份有限公司,上櫃,電子零組件業,3115.TWO
3118,進階生物科技股份有限公司,上櫃,生技醫療業,3118.TWO
3122,笙泉科技股份有限公司,上櫃,半導體業,3122.TWO
3128,昇銳智慧科技股份有限公司,上櫃,光電業,3128.TWO
3131,弘塑科技股份有限公司,上櫃,半導體業,3131.TWO
3141,晶宏半導體股份有限公司,上櫃,半導體業,3141.TWO
3147,大綜電腦系統股份有限公司,上櫃,資訊服務業,3147.TWO
3152,璟德電子工業股份有限公司,上櫃,通信網路業,3152.TWO
3158,嘉實資訊股份有限公司,上櫃,資訊服務業,3158.TWO
3162,精確實業股份有限公司,上櫃,電機機械,3162.TWO
3163,波若威科技股份有限公司,上櫃,通信網路業,3163.TWO
3169,亞信電子股份有限公司,上櫃,半導體業,3169.TWO
3171,炎洲流通股份有限公司,上櫃,居家生活業,3171.TWO
3176,基亞生物科技股份有限公司,上櫃,生技醫療業,3176.TWO
3178,公準精密工業股份有限公司,上櫃,半導體業,3178.TWO
3188,鑫龍騰開發股份有限公司,上櫃,建材營造,3188.TWO
3191,雲嘉南科技股份有限公司,上櫃,電子零組件業,3191.TWO
3205,佰研生化科技股份有限公司,上櫃,生技醫療業,3205.TWO
3206,志豐電子股份有限公司,上櫃,電子零組件業,3206.TWO
3207,耀勝電子股份有限公司,上櫃,電子零組件業,3207.TWO
3211,順達科技股份有限公司,上櫃,電腦及週邊設備業,3211.TWO
3213,茂訊電腦股份有限公司,上櫃,電腦及週邊設備業,3213.TWO
3217,優群科技股份有限公司,上櫃,電子零組件業,3217.TWO
3218,大學光學科技股份有限公司,上櫃,生技醫療業,3218.TWO
3219,倚強科技股份有限公司,上櫃,其他電子業,3219.TWO
3221,台灣嘉碩科技股份有限公司,上櫃,通信網路業,3221.TWO
3224,三顧股份有限公司,上櫃,電子通路業,3224.TWO
3226,龍鋒科技股份有限公司,上櫃,電機機械,3226.TWO
3227,原相科技股份有限公司,上櫃,半導體業,3227.TWO
3228,金麗科技股份有限公司,上櫃,半導體業,3228.TWO
3230,錦明實業股份有限公司,上櫃,光電業,3230.TWO
3232,昱捷股份有限公司,上櫃,電子通路業,3232.TWO
3234,光環科技股份有限公司,上櫃,通信網路業,3234.TWO
3236,千如電機工業股份有限公司,上櫃,電子零組件業,3236.TWO
3252,海灣國際開發(股)公司,上櫃,觀光餐旅,3252.TWO
3259,鑫創科技股份有限公司,上櫃,半導體業,3259.TWO
3260,威剛科技股份有限公司,上櫃,半導體業,3260.TWO
3264,欣銓科技股份有限公司,上櫃,半導體業,3264.TWO
3265,台星科股份有限公司,上櫃,半導體業,3265.TWO
3268,海德威電子工業股份有限公司,上櫃,半導體業,3268.TWO
3272,東碩資訊股份有限公司,上櫃,電腦及週邊設備業,3272.TWO
3276,宇環科技股份有限公司,上櫃,電子零組件業,3276.TWO
3284,太普高精密影像股份有限公司,上櫃,其他業,3284.TWO
3285,微端科技股份有限公司,上櫃,其他電子業,3285.TWO
3287,廣寰科技股份有限公司,上櫃,電腦及週邊設備業,3287.TWO
3288,點晶科技股份有限公司,上櫃,電子零組件業,3288.TWO
3289,宜特科技股份有限公司,上櫃,其他電子業,3289.TWO
3290,東浦精密光電股份有限公司,上櫃,電子零組件業,3290.TWO
3293,鈊象電子股份有限公司,上櫃,文化創意業,3293.TWO
3294,英濟股份有限公司,上櫃,電子零組件業,3294.TWO
3297,杭特電子股份有限公司,上櫃,光電業,3297.TWO
3303,岱稜科技股份有限公司,上櫃,其他電子業,3303.TWO
3306,鼎天國際股份有限公司,上櫃,通信網路業,3306.TWO
3310,佳穎精密企業股份有限公司,上櫃,電子零組件業,3310.TWO
3313,斐成開發科技股份有限公司,上櫃,建材營造,3313.TWO
3317,尼克森微電子股份有限公司,上櫃,半導體業,3317.TWO
3322,建舜電子製造股份有限公司,上櫃,電子零組件業,3322.TWO
3323,加百裕工業股份有限公司,上櫃,電腦及週邊設備業,3323.TWO
3324,雙鴻科技股份有限公司,上櫃,其他電子業,3324.TWO
3325,旭品科技股份有限公司,上櫃,電腦及週邊設備業,3325.TWO
3332,幸康電子股份有限公司,上櫃,電子零組件業,3332.TWO
3339,泰谷光電科技股份有限公司,上櫃,光電業,3339.TWO
3349,寶德科技股份有限公司,上櫃,電腦及週邊設備業,3349.TWO
3354,律勝科技股份有限公司,上櫃,電子零組件業,3354.TWO
3357,西北臺慶科技股份有限公司,上櫃,電子零組件業,3357.TWO
3360,尚立股份有限公司,上櫃,電子通路業,3360.TWO
3362,先進光電科技股份有限公司,上櫃,光電業,3362.TWO
3363,上詮光纖通信股份有限公司,上櫃,通信網路業,3363.TWO
3372,台灣典範半導體股份有限公司,上櫃,半導體業,3372.TWO
3373,熱映光電股份有限公司,上櫃,其他電子業,3373.TWO
3374,精材科技股份有限公司,上櫃,半導體業,3374.TWO
3379,彬台科技股份有限公司,上櫃,電機機械,3379.TWO
3388,崇越電通股份有限公司,上櫃,電子零組件業,3388.TWO
3390,旭軟電子科技股份有限公司,上櫃,電子零組件業,3390.TWO
3402,漢科系統科技股份有限公司,上櫃,其他電子業,3402.TWO
3430,奇鈦科技股份有限公司,上櫃,化學工業,3430.TWO
3434,哲固資訊科技股份有限公司,上櫃,光電業,3434.TWO
3438,台灣類比科技股份有限公司,上櫃,半導體業,3438.TWO
3441,聯一光電股份有限公司,上櫃,光電業,3441.TWO
3444,利機企業股份有限公司,上櫃,電子通路業,3444.TWO
3455,由田新技股份有限公司,上櫃,光電業,3455.TWO
3465,進泰電子科技股份有限公司,上櫃,其他電子業,3465.TWO
3466,德晉科技股份有限公司,上櫃,通信網路業,3466.TWO
3467,台灣精材股份有限公司,上櫃,半導體業,3467.TWO
3479,安勤科技股份有限公司,上櫃,電腦及週邊設備業,3479.TWO
3483,力致科技股份有限公司,上櫃,電腦及週邊設備業,3483.TWO
3484,崧騰企業股份有限公司,上櫃,電子零組件業,3484.TWO
3485,敘(余+卜+又)豐企業股份有限公司,上櫃,電子零組件業,3485.TWO
3489,森寶開發股份有限公司,上櫃,建材營造,3489.TWO
3490,單井工業股份有限公司,上櫃,光電業,3490.TWO
3491,昇達科技股份有限公司,上櫃,通信網路業,3491.TWO
3492,長盛科技股份有限公司,上櫃,電子零組件業,3492.TWO
3498,陽程科技股份有限公司,上櫃,其他電子業,3498.TWO
3499,環天世通科技股份有限公司,上櫃,通信網路業,3499.TWO
3508,位速科技股份有限公司,上櫃,其他電子業,3508.TWO
3511,矽瑪科技股份有限公司,上櫃,電子零組件業,3511.TWO
3512,皇龍開發股份有限公司,上櫃,建材營造,3512.TWO
3516,亞帝歐光電股份有限公司,上櫃,光電業,3516.TWO
3520,華盈電子股份有限公司,上櫃,電子零組件業,3520.TWO
3521,台鋼建設事業股份有限公司,上櫃,建材營造,3521.TWO
3522,御嵿國際股份有限公司,上櫃,觀光餐旅,3522.TWO
3523,迎輝科技股份有限公司,上櫃,光電業,3523.TWO
3526,凡甲科技股份有限公司,上櫃,電子零組件業,3526.TWO
3527,聚積科技股份有限公司,上櫃,半導體業,3527.TWO
3529,力旺電子股份有限公司,上櫃,半導體業,3529.TWO
3531,先益電子工業股份有限公司,上櫃,光電業,3531.TWO
3537,堡達實業股份有限公司,上櫃,電子零組件業,3537.TWO
3540,曜越科技股份有限公司,上櫃,電腦及週邊設備業,3540.TWO
3541,西柏科技股份有限公司,上櫃,其他電子業,3541.TWO
3546,宇峻奧汀科技股份有限公司,上櫃,文化創意業,3546.TWO
3548,兆利科技工業股份有限公司,上櫃,電子零組件業,3548.TWO
3551,世禾科技股份有限公司,上櫃,綠能環保業,3551.TWO
3552,同致電子企業股份有限公司,上櫃,其他電子業,3552.TWO
3555,博士旺創新股份有限公司,上櫃,半導體業,3555.TWO
3556,禾瑞亞科技股份有限公司,上櫃,半導體業,3556.TWO
3558,神準科技股份有限公司,上櫃,通信網路業,3558.TWO
3564,其陽科技股份有限公司,上櫃,通信網路業,3564.TWO
3567,逸昌科技股份有限公司,上櫃,半導體業,3567.TWO
3570,大塚資訊科技股份有限公司,上櫃,資訊服務業,3570.TWO
3577,泓格科技股份有限公司,上櫃,電腦及週邊設備業,3577.TWO
3580,友威科技股份有限公司,上櫃,其他電子業,3580.TWO
3581,博磊科技股份有限公司,上櫃,半導體業,3581.TWO
3587,閎康科技股份有限公司,上櫃,其他電子業,3587.TWO
3594,磐儀科技股份有限公司,上櫃,電腦及週邊設備業,3594.TWO
3597,映興電子股份有限公司,上櫃,電子零組件業,3597.TWO
3609,三一東林科技股份有限公司,上櫃,電子零組件業,3609.TWO
3611,鼎翰科技股份有限公司,上櫃,電腦及週邊設備業,3611.TWO
3615,安可光電股份有限公司,上櫃,光電業,3615.TWO
3623,富晶通科技股份有限公司,上櫃,光電業,3623.TWO
3624,光頡科技股份有限公司,上櫃,電子零組件業,3624.TWO
3625,西勝國際股份有限公司,上櫃,電腦及週邊設備業,3625.TWO
3628,盈正豫順電子股份有限公司,上櫃,其他電子業,3628.TWO
3629,地心引力股份有限公司,上櫃,文化創意業,3629.TWO
3630,新鉅科技股份有限公司,上櫃,光電業,3630.TWO
3631,晟楠科技股份有限公司,上櫃,電子零組件業,3631.TWO
3632,研勤科技股份有限公司,上櫃,通信網路業,3632.TWO
3646,艾恩特精密工業股份有限公司,上櫃,電子零組件業,3646.TWO
3663,鑫科材料科技股份有限公司,上櫃,其他電子業,3663.TWO
3664,安瑞科技股份有限公司,上櫃,通信網路業,3664.TWO
3666,光耀科技股份有限公司,上櫃,光電業,3666.TWO
3672,康聯訊科技股份有限公司,上櫃,通信網路業,3672.TWO
3675,德微科技股份有限公司,上櫃,半導體業,3675.TWO
3680,家登精密工業股份有限公司,上櫃,半導體業,3680.TWO
3684,榮昌科技股份有限公司,上櫃,通信網路業,3684.TWO
3685,元創精密車業股份有限公司,上櫃,電機機械,3685.TWO
3687,茂為歐買尬數位科技股份有限公司,上櫃,數位雲端業,3687.TWO
3689,湧德電子股份有限公司,上櫃,電子零組件業,3689.TWO
3691,碩禾電子材料股份有限公司,上櫃,光電業,3691.TWO
3693,營邦企業股份有限公司,上櫃,電腦及週邊設備業,3693.TWO
3707,漢磊科技股份有限公司,上櫃,半導體業,3707.TWO
3709,鑫聯大投資控股股份有限公司,上櫃,電腦及週邊設備業,3709.TWO
3710,連展投資控股股份有限公司,上櫃,電子零組件業,3710.TWO
3713,新晶投資控股股份有限公司,上櫃,綠能環保業,3713.TWO
4102,永日化學工業股份有限公司,上櫃,生技醫療業,4102.TWO
4105,台灣東洋藥品工業股份有限公司,上櫃,生技醫療業,4105.TWO
4107,邦特生物科技股份有限公司,上櫃,生技醫療業,4107.TWO
4109,加捷生醫股份有限公司,上櫃,生技醫療業,4109.TWO
4111,濟生醫藥生技股份有限公司,上櫃,生技醫療業,4111.TWO
4113,聯上實業股份有限公司,上櫃,建材營造,4113.TWO
4114,健喬信元醫藥生技股份有限公司,上櫃,生技醫療業,4114.TWO
4116,明基三豐醫療器材股份有限公司,上櫃,生技醫療業,4116.TWO
4120,友華生技醫藥股份有限公司,上櫃,生技醫療業,4120.TWO
4121,優盛醫學科技股份有限公司,上櫃,生技醫療業,4121.TWO
4123,晟德大藥廠股份有限公司,上櫃,生技醫療業,4123.TWO
4126,太平洋醫材股份有限公司,上櫃,生技醫療業,4126.TWO
4127,天良生物科技企業股份有限公司,上櫃,生技醫療業,4127.TWO
4128,中天生物科技股份有限公司,上櫃,生技醫療業,4128.TWO
4129,聯合骨科器材股份有限公司,上櫃,生技醫療業,4129.TWO
4130,健亞生物科技股份有限公司,上櫃,生技醫療業,4130.TWO
4131,浩泰精準股份有限公司,上櫃,生技醫療業,4131.TWO
4138,曜亞國際股份有限公司,上櫃,生技醫療業,4138.TWO
4139,馬光保健控股股份有限公司,上櫃,生技醫療業,4139.TWO
4147,中裕新藥股份有限公司,上櫃,生技醫療業,4147.TWO
4153,鈺緯科技開發股份有限公司,上櫃,生技醫療業,4153.TWO
4154,樂威科股份有限公司,上櫃,其他業,4154.TWO
4157,太景醫藥研發控股股份有限公司,上櫃,生技醫療業,4157.TWO
4160,訊聯基因數位股份有限公司,上櫃,生技醫療業,4160.TWO
4161,聿新生物科技股份有限公司,上櫃,生技醫療業,4161.TWO
4162,智擎生技製藥股份有限公司,上櫃,生技醫療業,4162.TWO
4163,鐿鈦科技股份有限公司,上櫃,生技醫療業,4163.TWO
4166,友霖生技醫藥股份有限公司,上櫃,生技醫療業,4166.TWO
4167,松瑞製藥股份有限公司,上櫃,生技醫療業,4167.TWO
4168,台灣醣聯生技醫藥股份有限公司,上櫃,生技醫療業,4168.TWO
4171,瑞基海洋生物科技股份有限公司,上櫃,農業科技業,4171.TWO
4173,久裕企業股份有限公司,上櫃,生技醫療業,4173.TWO
4174,台灣浩鼎生技股份有限公司,上櫃,生技醫療業,4174.TWO
4175,杏一醫療用品股份有限公司,上櫃,生技醫療業,4175.TWO
4183,福永生物科技股份有限公司,上櫃,生技醫療業,4183.TWO
4188,安克生醫股份有限公司,上櫃,生技醫療業,4188.TWO
4192,杏國新藥股份有限公司,上櫃,生技醫療業,4192.TWO
4198,欣大健康投資控股股份有限公司,上櫃,生技醫療業,4198.TWO
4205,中華食品實業股份有限公司,上櫃,食品工業,4205.TWO
4207,環泰企業股份有限公司,上櫃,食品工業,4207.TWO
4303,信立化學工業股份有限公司,上櫃,塑膠工業,4303.TWO
4304,勝昱科技股份有限公司,上櫃,塑膠工業,4304.TWO
4305,世坤塑膠股份有限公司,上櫃,塑膠工業,4305.TWO
4401,東隆興業股份有限公司,上櫃,紡織纖維,4401.TWO
4402,郡都開發股份有限公司,上櫃,紡織纖維,4402.TWO
4406,新昕纖維股份有限公司,上櫃,紡織纖維,4406.TWO
4413,飛寶企業股份有限公司,上櫃,紡織纖維,4413.TWO
4416,三圓建設股份有限公司,上櫃,建材營造,4416.TWO
4417,金洲海洋科技股份有限公司,上櫃,紡織纖維,4417.TWO
4419,皇家國際美食股份有限公司,上櫃,觀光餐旅,4419.TWO
4420,光明絲織廠股份有限公司,上櫃,紡織纖維,4420.TWO
4430,耀億工業股份有限公司,上櫃,其他業,4430.TWO
4432,銘旺實業股份有限公司,上櫃,紡織纖維,4432.TWO
4433,興采實業股份有限公司,上櫃,紡織纖維,4433.TWO
4442,開曼群島商竣邦國際股份有限公司,上櫃,紡織纖維,4442.TWO
4502,健信科技工業股份有限公司,上櫃,電機機械,4502.TWO
4503,金雨企業股份有限公司,上櫃,電機機械,4503.TWO
4506,崇友實業(股)公司,上櫃,電機機械,4506.TWO
4510,高鋒工業股份有限公司,上櫃,電機機械,4510.TWO
4513,福裕事業股份有限公司,上櫃,電機機械,4513.TWO
4523,永彰科技股份有限公司,上櫃,電機機械,4523.TWO
4527,(方方土)霖冷凍機械股份有限公司,上櫃,電機機械,4527.TWO
4528,江興鍛壓工業股份有限公司,上櫃,電機機械,4528.TWO
4529,淳紳股份有限公司,上櫃,其他業,4529.TWO
4530,宏易創新國際股份有限公司,上櫃,觀光餐旅,4530.TWO
4533,協易機械工業股份有限公司,上櫃,電機機械,4533.TWO
4534,慶騰精密科技股份有限公司,上櫃,電機機械,4534.TWO
4535,至興精機股份有限公司,上櫃,電機機械,4535.TWO
4538,大詠城機械股份有限公司,上櫃,電機機械,4538.TWO
4541,晟田科技工業股份有限公司,上櫃,其他業,4541.TWO
4542,科嶠工業股份有限公司,上櫃,電子零組件業,4542.TWO
4543,萬在工業股份有限公司,上櫃,電機機械,4543.TWO
4549,桓達科技股份有限公司,上櫃,電機機械,4549.TWO
4550,長佳機電工程股份有限公司,上櫃,電機機械,4550.TWO
4554,橙的電子股份有限公司,上櫃,其他電子業,4554.TWO
4556,旭然國際股份有限公司,上櫃,其他業,4556.TWO
4558,寶緯工業股份有限公司,上櫃,電機機械,4558.TWO
4561,健椿工業股份有限公司,上櫃,電機機械,4561.TWO
4563,百德機械股份有限公司,上櫃,電機機械,4563.TWO
4568,科際精密股份有限公司,上櫃,電機機械,4568.TWO
4577,達航科技股份有限公司,上櫃,其他電子業,4577.TWO
4580,捷流閥業股份有限公司,上櫃,電機機械,4580.TWO
4584,君帆工業股份有限公司,上櫃,電機機械,4584.TWO
4609,唐鋒實業股份有限公司,上櫃,居家生活業,4609.TWO
4702,中美聯合實業股份有限公司,上櫃,居家生活業,4702.TWO
4706,大恭化學工業股份有限公司,上櫃,化學工業,4706.TWO
4707,磐亞股份有限公司,上櫃,化學工業,4707.TWO
4711,永純化學工業股份有限公司,上櫃,化學工業,4711.TWO
4714,永捷創新科技股份有限公司,上櫃,化學工業,4714.TWO
4716,大立高分子工業股份有限公司,上櫃,化學工業,4716.TWO
4721,美琪瑪國際股份有限公司,上櫃,化學工業,4721.TWO
4726,永昕生物醫藥股份有限公司,上櫃,生技醫療業,4726.TWO
4728,雙美生物科技股份有限公司,上櫃,生技醫療業,4728.TWO
4729,熒茂光學股份有限公司,上櫃,光電業,4729.TWO
4735,豪展醫療科技股份有限公司,上櫃,生技醫療業,4735.TWO
4741,泓瀚科技股份有限公司,上櫃,化學工業,4741.TWO
4743,合一生技股份有限公司,上櫃,生技醫療業,4743.TWO
4744,皇將科技股份有限公司,上櫃,生技醫療業,4744.TWO
4745,合富醫療控股股份有限公司,上櫃,生技醫療業,4745.TWO
4747,強生化學製藥廠股份有限公司,上櫃,生技醫療業,4747.TWO
4749,新應材股份有限公司,上櫃,半導體業,4749.TWO
4754,國碳科技股份有限公司,上櫃,化學工業,4754.TWO
4760,勤凱科技股份有限公司,上櫃,其他電子業,4760.TWO
4767,誠泰工業科技股份有限公司,上櫃,化學工業,4767.TWO
4768,晶呈科技股份有限公司,上櫃,化學工業,4768.TWO
4772,台灣特品化學股份有限公司,上櫃,化學工業,4772.TWO
4804,大略國際控股有限公司,上櫃,觀光餐旅,4804.TWO
4806,桂田文創娛樂股份有限公司,上櫃,文化創意業,4806.TWO
4903,聯合光纖通信股份有限公司,上櫃,通信網路業,4903.TWO
4905,台聯電訊股份有限公司,上櫃,生技醫療業,4905.TWO
4907,富宇地產股份有限公司,上櫃,建材營造,4907.TWO
4908,前鼎光電股份有限公司,上櫃,通信網路業,4908.TWO
4909,新復興微波通訊股份有限公司,上櫃,通信網路業,4909.TWO
4911,德英生物科技股份有限公司,上櫃,生技醫療業,4911.TWO
4923,力士科技股份有限公司,上櫃,半導體業,4923.TWO
4924,欣厚科技股份有限公司,上櫃,綠能環保業,4924.TWO
4931,新盛力科技股份有限公司,上櫃,電腦及週邊設備業,4931.TWO
4933,友輝光電股份有限公司,上櫃,光電業,4933.TWO
4939,亞洲電材股份有限公司,上櫃,電子零組件業,4939.TWO
4946,紅心辣椒娛樂科技股份有限公司,上櫃,文化創意業,4946.TWO
4950,金耘國際股份有限公司,上櫃,鋼鐵工業,4950.TWO
4951,精拓科技股份有限公司,上櫃,半導體業,4951.TWO
4953,緯致科技股份有限公司,上櫃,資訊服務業,4953.TWO
4966,譜瑞科技股份有限公司,上櫃,半導體業,4966.TWO
4971,英特磊科技股份有限公司,上櫃,半導體業,4971.TWO
4972,湯石照明科技股份有限公司,上櫃,光電業,4972.TWO
4973,廣穎電通股份有限公司,上櫃,半導體業,4973.TWO
4974,亞泰影像科技股份有限公司,上櫃,電子零組件業,4974.TWO
4979,華星光通科技股份有限公司,上櫃,通信網路業,4979.TWO
4991,環宇通訊半導體控股股份有限公司,上櫃,半導體業,4991.TWO
4995,晶達光電股份有限公司,上櫃,光電業,4995.TWO
5009,榮剛材料科技股份有限公司,上櫃,鋼鐵工業,5009.TWO
5011,久陽精密股份有限公司,上櫃,鋼鐵工業,5011.TWO
5013,強新工業股份有限公司,上櫃,鋼鐵工業,5013.TWO
5014,建錩實業股份有限公司,上櫃,鋼鐵工業,5014.TWO
5015,華祺工業股份有限公司,上櫃,鋼鐵工業,5015.TWO
5016,松和工業股份有限公司,上櫃,鋼鐵工業,5016.TWO
5201,凱衛資訊股份有限公司,上櫃,資訊服務業,5201.TWO
5202,力新國際科技股份有限公司,上櫃,資訊服務業,5202.TWO
5205,中茂能資系統整合科技(股)公司,上櫃,綠能環保業,5205.TWO
5206,坤悅開發股份有限公司,上櫃,建材營造,5206.TWO
5209,新鼎系統股份有限公司,上櫃,其他業,5209.TWO
5210,寶碩財務科技股份有限公司,上櫃,資訊服務業,5210.TWO
5211,蒙恬科技股份有限公司,上櫃,資訊服務業,5211.TWO
5212,凌網科技股份有限公司,上櫃,資訊服務業,5212.TWO
5213,亞昕國際開發股份有限公司,上櫃,建材營造,5213.TWO
5220,萬達光電科技股份有限公司,上櫃,光電業,5220.TWO
5223,安力國際股份有限公司,上櫃,電腦及週邊設備業,5223.TWO
5227,蓋曼群島商立凱電能科技(股)公司,上櫃,電子零組件業,5227.TWO
5228,鈺鎧科技股份有限公司,上櫃,電子零組件業,5228.TWO
5230,雷笛克光學股份有限公司,上櫃,光電業,5230.TWO
5236,凌陽創新科技股份有限公司,上櫃,半導體業,5236.TWO
5245,智晶光電股份有限公司,上櫃,光電業,5245.TWO
5251,天鉞電子股份有限公司,上櫃,光電業,5251.TWO
5263,智崴資訊科技股份有限公司,上櫃,文化創意業,5263.TWO
5272,笙科電子股份有限公司,上櫃,半導體業,5272.TWO
5274,信驊科技股份有限公司,上櫃,半導體業,5274.TWO
5276,達輝股份有限公司,上櫃,其他業,5276.TWO
5278,尚凡國際創新科技股份有限公司,上櫃,數位雲端業,5278.TWO
5287,數字科技股份有限公司,上櫃,數位雲端業,5287.TWO
5289,宜鼎國際股份有限公司,上櫃,電腦及週邊設備業,5289.TWO
5291,邑昇實業股份有限公司,上櫃,電子零組件業,5291.TWO
5299,杰力科技股份有限公司,上櫃,半導體業,5299.TWO
5301,寶得利國際股份有限公司,上櫃,觀光餐旅,5301.TWO
5302,太欣半導體股份有限公司,上櫃,半導體業,5302.TWO
5309,系統電子工業股份有限公司,上櫃,電子零組件業,5309.TWO
5310,天剛資訊股份有限公司,上櫃,資訊服務業,5310.TWO
5312,寶島光學科技股份有限公司,上櫃,生技醫療業,5312.TWO
5314,世紀民生科技股份有限公司,上櫃,其他業,5314.TWO
5315,光聯科技股份有限公司,上櫃,光電業,5315.TWO
5321,美而快國際股份有限公司,上櫃,數位雲端業,5321.TWO
5324,士林開發股份有限公司,上櫃,建材營造,5324.TWO
5328,華容股份有限公司,上櫃,電子零組件業,5328.TWO
5340,建榮工業材料股份有限公司,上櫃,電子零組件業,5340.TWO
5344,立衛科技股份有限公司,上櫃,半導體業,5344.TWO
5345,馥鴻建設股份有限公司,上櫃,其他業,5345.TWO
5347,世界先進積體電路股份有限公司,上櫃,半導體業,5347.TWO
5348,正能量智能股份有限公司,上櫃,運動休閒業,5348.TWO
5351,鈺創科技股份有限公司,上櫃,半導體業,5351.TWO
5353,台林電通股份有限公司,上櫃,通信網路業,5353.TWO
5355,佳總興業股份有限公司,上櫃,電子零組件業,5355.TWO
5356,協益電子股份有限公司,上櫃,電腦及週邊設備業,5356.TWO
5364,力麗觀光開發股份有限公司,上櫃,觀光餐旅,5364.TWO
5371,中強光電股份有限公司,上櫃,光電業,5371.TWO
5381,光譜電工股份有限公司,上櫃,電機機械,5381.TWO
5386,青雲國際科技股份有限公司,上櫃,電腦及週邊設備業,5386.TWO
5392,能率創新股份有限公司,上櫃,光電業,5392.TWO
5398,慕康生技醫藥股份有限公司,上櫃,其他業,5398.TWO
5403,中菲電腦股份有限公司,上櫃,資訊服務業,5403.TWO
5410,國眾電腦股份有限公司,上櫃,資訊服務業,5410.TWO
5425,台灣半導體股份有限公司,上櫃,半導體業,5425.TWO
5426,振發實業股份有限公司,上櫃,電腦及週邊設備業,5426.TWO
5432,新門科技股份有限公司,上櫃,綠能環保業,5432.TWO
5438,東友科技股份有限公司,上櫃,電腦及週邊設備業,5438.TWO
5439,高技企業股份有限公司,上櫃,電子零組件業,5439.TWO
5443,均豪精密工業股份有限公司,上櫃,半導體業,5443.TWO
5450,南良國際股份有限公司,上櫃,其他業,5450.TWO
5452,佶優科技股份有限公司,上櫃,其他電子業,5452.TWO
5455,昇益開發股份有限公司,上櫃,建材營造,5455.TWO
5457,宣德科技股份有限公司,上櫃,電子零組件業,5457.TWO
5460,同協電子股份有限公司,上櫃,電子零組件業,5460.TWO
5464,霖宏科技股份有限公司,上櫃,電子零組件業,5464.TWO
5465,富驊企業股份有限公司,上櫃,電腦及週邊設備業,5465.TWO
5468,凱鈺科技股份有限公司,上櫃,半導體業,5468.TWO
5474,聰泰科技開發股份有限公司,上櫃,電腦及週邊設備業,5474.TWO
5475,德宏工業股份有限公司,上櫃,電子零組件業,5475.TWO
5478,智冠科技股份有限公司,上櫃,文化創意業,5478.TWO
5481,新華泰富股份有限公司,上櫃,其他業,5481.TWO
5483,中美矽晶製品股份有限公司,上櫃,半導體業,5483.TWO
5487,通泰積體電路股份有限公司,上櫃,半導體業,5487.TWO
5488,松普科技股份有限公司,上櫃,電子零組件業,5488.TWO
5489,彩富電子股份有限公司,上櫃,其他電子業,5489.TWO
5490,同亨科技股份有限公司,上櫃,電腦及週邊設備業,5490.TWO
5493,三聯科技股份有限公司,上櫃,其他電子業,5493.TWO
5498,凱崴電子股份有限公司,上櫃,電子零組件業,5498.TWO
5508,永信建設開發股份有限公司,上櫃,建材營造,5508.TWO
5511,德昌營造股份有限公司,上櫃,建材營造,5511.TWO
5512,力麒建設股份有限公司,上櫃,建材營造,5512.TWO
5514,三豐建設股份有限公司,上櫃,建材營造,5514.TWO
5516,雙喜營造股份有限公司,上櫃,建材營造,5516.TWO
5520,力泰建設企業股份有限公司,上櫃,建材營造,5520.TWO
5523,豐謙建設股份有限公司,上櫃,建材營造,5523.TWO
5529,鉅陞國際開發股份有限公司,上櫃,建材營造,5529.TWO
5530,龍巖股份有限公司,上櫃,其他業,5530.TWO
5536,聖暉工程科技股份有限公司,上櫃,其他電子業,5536.TWO
5543,桓鼎股份有限公司,上櫃,建材營造,5543.TWO
5547,久舜營造股份有限公司,上櫃,建材營造,5547.TWO
5548,安倉營造股份有限公司,上櫃,建材營造,5548.TWO
5601,臺聯貨櫃通運股份有限公司,上櫃,航運業,5601.TWO
5603,陸海股份有限公司,上櫃,航運業,5603.TWO
5604,中連誠企業股份有限公司,上櫃,其他業,5604.TWO
5609,中菲行國際物流股份有限公司,上櫃,航運業,5609.TWO
5701,劍湖山世界股份有限公司,上櫃,觀光餐旅,5701.TWO
5703,亞都麗緻大飯店股份有限公司,上櫃,觀光餐旅,5703.TWO
5704,知本老爺大酒店股份有限公司,上櫃,觀光餐旅,5704.TWO
5864,致和證券股份有限公司,上櫃,金融保險業,5864.TWO
5878,台名保險經紀人股份有限公司,上櫃,金融保險業,5878.TWO
5902,德記洋行股份有限公司,上櫃,居家生活業,5902.TWO
5903,全家便利商店股份有限公司,上櫃,居家生活業,5903.TWO
5904,寶雅國際股份有限公司,上櫃,居家生活業,5904.TWO
5905,南仁湖育樂股份有限公司,上櫃,觀光餐旅,5905.TWO
6015,宏遠證券股份有限公司,上櫃,金融保險業,6015.TWO
6016,康和綜合證券股份有限公司,上櫃,金融保險業,6016.TWO
6020,大展證券股份有限公司,上櫃,金融保險業,6020.TWO
6021,美好證券股份有限公司,上櫃,金融保險業,6021.TWO
6023,元大期貨股份有限公司,上櫃,金融保險業,6023.TWO
6026,福邦證券股份有限公司,上櫃,金融保險業,6026.TWO
6028,公勝保險經紀人股份有限公司,上櫃,金融保險業,6028.TWO
6101,寬魚國際股份有限公司,上櫃,文化創意業,6101.TWO
6103,合邦電子股份有限公司,上櫃,半導體業,6103.TWO
6104,創惟科技股份有限公司,上櫃,半導體業,6104.TWO
6109,亞元科技股份有限公司,上櫃,通信網路業,6109.TWO
6111,光聚晶電聯合股份有限公司,上櫃,文化創意業,6111.TWO
6113,亞矽科技股份有限公司,上櫃,電子通路業,6113.TWO
6114,久威國際股份有限公司,上櫃,電子零組件業,6114.TWO
6118,建達國際股份有限公司,上櫃,電子通路業,6118.TWO
6121,新普科技股份有限公司,上櫃,電腦及週邊設備業,6121.TWO
6122,擎邦國際科技工程股份有限公司,上櫃,電機機械,6122.TWO
6123,上奇科技股份有限公司,上櫃,資訊服務業,6123.TWO
6124,業強科技股份有限公司,上櫃,電子零組件業,6124.TWO
6125,廣運機械工程股份有限公司,上櫃,電機機械,6125.TWO
6126,信音企業股份有限公司,上櫃,電子零組件業,6126.TWO
6127,九豪精密陶瓷股份有限公司,上櫃,電子零組件業,6127.TWO
6129,普誠科技股份有限公司,上櫃,半導體業,6129.TWO
6130,上亞科技股份有限公司,上櫃,生技醫療業,6130.TWO
6134,萬旭電業股份有限公司,上櫃,電子零組件業,6134.TWO
6138,茂達電子股份有限公司,上櫃,半導體業,6138.TWO
6140,訊達電腦股份有限公司,上櫃,資訊服務業,6140.TWO
6143,振曜科技股份有限公司,上櫃,通信網路業,6143.TWO
6144,得利影視股份有限公司,上櫃,文化創意業,6144.TWO
6146,耕興股份有限公司,上櫃,其他電子業,6146.TWO
6147,頎邦科技股份有限公司,上櫃,半導體業,6147.TWO
6148,驊宏資通股份有限公司,上櫃,資訊服務業,6148.TWO
6150,撼訊科技股份有限公司,上櫃,電腦及週邊設備業,6150.TWO
6151,晉倫科技股份有限公司,上櫃,其他電子業,6151.TWO
6154,順發電腦股份有限公司,上櫃,電子通路業,6154.TWO
6156,松上電子股份有限公司,上櫃,電子零組件業,6156.TWO
6158,禾昌興業股份有限公司,上櫃,電子零組件業,6158.TWO
6160,欣技資訊股份有限公司,上櫃,電腦及週邊設備業,6160.TWO
6161,捷波資訊股份有限公司,上櫃,電腦及週邊設備業,6161.TWO
6163,華電聯網股份有限公司,上櫃,資訊服務業,6163.TWO
6167,久正光電股份有限公司,上櫃,光電業,6167.TWO
6169,昱泉國際股份有限公司,上櫃,文化創意業,6169.TWO
6170,統振股份有限公司,上櫃,通信網路業,6170.TWO
6171,大城地產股份有限公司,上櫃,建材營造,6171.TWO
6173,信昌電子陶瓷股份有限公司,上櫃,電子零組件業,6173.TWO
6174,安碁科技股份有限公司,上櫃,電子零組件業,6174.TWO
6175,立敦科技股份有限公司,上櫃,電子零組件業,6175.TWO
6179,亞通利大能源股份有限公司,上櫃,其他業,6179.TWO
6180,遊戲橘子數位科技股份有限公司,上櫃,文化創意業,6180.TWO
6182,合晶科技股份有限公司,上櫃,半導體業,6182.TWO
6185,幃翔精密股份有限公司,上櫃,電子零組件業,6185.TWO
6186,新潤興業股份有限公司,上櫃,建材營造,6186.TWO
6187,萬潤科技股份有限公司,上櫃,半導體業,6187.TWO
6188,廣明光電股份有限公司,上櫃,電腦及週邊設備業,6188.TWO
6190,萬泰科技股份有限公司,上櫃,通信網路業,6190.TWO
6194,育富電子股份有限公司,上櫃,電子零組件業,6194.TWO
6195,詩肯股份有限公司,上櫃,居家生活業,6195.TWO
6198,瑞築建設股份有限公司,上櫃,建材營造,6198.TWO
6199,天品聯合企業股份有限公司,上櫃,其他業,6199.TWO
6203,海韻電子工業股份有限公司,上櫃,電子零組件業,6203.TWO
6204,台灣艾華電子工業股份有限公司,上櫃,電子零組件業,6204.TWO
6207,雷科股份有限公司,上櫃,電子零組件業,6207.TWO
6208,日揚科技股份有限公司,上櫃,半導體業,6208.TWO
6210,慶生電子股份有限公司,上櫃,電子零組件業,6210.TWO
6212,理銘開發股份有限公司,上櫃,建材營造,6212.TWO
6217,中國探針股份有限公司,上櫃,電子零組件業,6217.TWO
6218,豪勉科技股份有限公司,上櫃,通信網路業,6218.TWO
6219,富旺國際開發股份有限公司,上櫃,建材營造,6219.TWO
6220,岳豐科技股份有限公司,上櫃,電子零組件業,6220.TWO
6221,晉泰科技股份有限公司,上櫃,資訊服務業,6221.TWO
6222,立軒開發建設股份有限公司,上櫃,光電業,6222.TWO
6223,旺矽科技股份有限公司,上櫃,半導體業,6223.TWO
6227,茂綸股份有限公司,上櫃,電子通路業,6227.TWO
6228,全譜科技股份有限公司,上櫃,電腦及週邊設備業,6228.TWO
6229,研通科技股份有限公司,上櫃,半導體業,6229.TWO
6231,系微股份有限公司,上櫃,資訊服務業,6231.TWO
6233,旺玖科技股份有限公司,上櫃,半導體業,6233.TWO
6234,高僑自動化科技股份有限公司,上櫃,光電業,6234.TWO
6236,中湛股份有限公司,上櫃,數位雲端業,6236.TWO
6237,驊訊電子企業股份有限公司,上櫃,半導體業,6237.TWO
6240,松崗國際興業股份有限公司,上櫃,資訊服務業,6240.TWO
6241,鑫永洋科技股份有限公司,上櫃,通信網路業,6241.TWO
6242,立康生醫事業股份有限公司,上櫃,生技醫療業,6242.TWO
6244,茂迪股份有限公司,上櫃,光電業,6244.TWO
6245,立端科技股份有限公司,上櫃,通信網路業,6245.TWO
6246,臺龍電子股份有限公司,上櫃,光電業,6246.TWO
6248,沛波鋼鐵股份有限公司,上櫃,鋼鐵工業,6248.TWO
6259,百徽股份有限公司,上櫃,電子零組件業,6259.TWO
6261,久元電子股份有限公司,上櫃,半導體業,6261.TWO
6263,普萊德科技股份有限公司,上櫃,通信網路業,6263.TWO
6264,富裔實業股份有限公司,上櫃,建材營造,6264.TWO
6265,方土昶股份有限公司,上櫃,電子通路業,6265.TWO
6266,泰詠電子股份有限公司,上櫃,電子零組件業,6266.TWO
6270,倍微科技股份有限公司,上櫃,電子通路業,6270.TWO
6274,台燿科技股份有限公司,上櫃,電子零組件業,6274.TWO
6275,元山科技工業股份有限公司,上櫃,電子零組件業,6275.TWO
6276,安鈦克科技股份有限公司,上櫃,電腦及週邊設備業,6276.TWO
6279,胡連精密股份有限公司,上櫃,電子零組件業,6279.TWO
6284,佳邦科技股份有限公司,上櫃,電子零組件業,6284.TWO
6290,良維科技股份有限公司,上櫃,電子零組件業,6290.TWO
6291,沛亨半導體股份有限公司,上櫃,半導體業,6291.TWO
6292,迅德興業股份有限公司,上櫃,電子零組件業,6292.TWO
6294,智基科技開發股份有限公司,上櫃,文化創意業,6294.TWO
6411,晶焱科技股份有限公司,上櫃,半導體業,6411.TWO
6417,韋僑科技股份有限公司,上櫃,通信網路業,6417.TWO
6418,詠昇電子股份有限公司,上櫃,電子零組件業,6418.TWO
6419,京晨科技股份有限公司,上櫃,光電業,6419.TWO
6423,億而得微電子股份有限公司,上櫃,半導體業,6423.TWO
6425,易發精機股份有限公司,上櫃,電機機械,6425.TWO
6432,今展科技股份有限公司,上櫃,電子零組件業,6432.TWO
6435,大中積體電路股份有限公司,上櫃,半導體業,6435.TWO
6441,廣錠科技股份有限公司,上櫃,電腦及週邊設備業,6441.TWO
6461,益得生物科技股份有限公司,上櫃,生技醫療業,6461.TWO
6462,神盾股份有限公司,上櫃,半導體業,6462.TWO
6465,威潤科技股份有限公司,上櫃,通信網路業,6465.TWO
6469,大樹醫藥股份有限公司,上櫃,生技醫療業,6469.TWO
6470,宇智網通股份有限公司,上櫃,通信網路業,6470.TWO
6474,華豫寧股份有限公司,上櫃,電子通路業,6474.TWO
6482,弘煜科技事業股份有限公司,上櫃,文化創意業,6482.TWO
6485,點序科技股份有限公司,上櫃,半導體業,6485.TWO
6486,互動國際數位股份有限公司,上櫃,通信網路業,6486.TWO
6488,環球晶圓股份有限公司,上櫃,半導體業,6488.TWO
6492,生華生物科技股份有限公司,上櫃,生技醫療業,6492.TWO
6494,九齊科技股份有限公司,上櫃,半導體業,6494.TWO
6496,科懋生物科技股份有限公司,上櫃,生技醫療業,6496.TWO
6498,久禾光電股份有限公司,上櫃,光電業,6498.TWO
6499,益安生醫股份有限公司,上櫃,生技醫療業,6499.TWO
6506,雙邦實業股份有限公司,上櫃,紡織纖維,6506.TWO
6508,惠光股份有限公司,上櫃,農業科技業,6508.TWO
6509,聚和國際股份有限公司,上櫃,化學工業,6509.TWO
6510,中華精測科技股份有限公司,上櫃,半導體業,6510.TWO
6512,啟發電子股份有限公司,上櫃,其他電子業,6512.TWO
6516,勤崴國際科技股份有限公司,上櫃,資訊服務業,6516.TWO
6517,保勝光學股份有限公司,上櫃,光電業,6517.TWO
6523,達爾膚生醫科技股份有限公司,上櫃,生技醫療業,6523.TWO
6527,明達醫學科技股份有限公司,上櫃,生技醫療業,6527.TWO
6530,創威光電股份有限公司,上櫃,通信網路業,6530.TWO
6532,瑞耘科技股份有限公司,上櫃,半導體業,6532.TWO
6535,順天醫藥生技股份有限公司,上櫃,生技醫療業,6535.TWO
6538,倉和股份有限公司,上櫃,電子零組件業,6538.TWO
6542,隆中網絡股份有限公司,上櫃,文化創意業,6542.TWO
6546,正基科技股份有限公司,上櫃,通信網路業,6546.TWO
6547,高端疫苗生物製劑股份有限公司,上櫃,生技醫療業,6547.TWO
6548,長華科技股份有限公司,上櫃,半導體業,6548.TWO
6556,勝品電通股份有限公司,上櫃,光電業,6556.TWO
6560,欣普羅光電股份有限公司,上櫃,光電業,6560.TWO
6561,是方電訊股份有限公司,上櫃,通信網路業,6561.TWO
6568,宏觀微電子股份有限公司,上櫃,半導體業,6568.TWO
6569,醫揚科技股份有限公司,上櫃,生技醫療業,6569.TWO
6570,維田科技股份有限公司,上櫃,電腦及週邊設備業,6570.TWO
6574,霈方國際股份有限公司,上櫃,生技醫療業,6574.TWO
6576,逸達生物科技股份有限公司,上櫃,生技醫療業,6576.TWO
6577,勁豐電子股份有限公司,上櫃,電腦及週邊設備業,6577.TWO
6578,達邦蛋白生技股份有限公司,上櫃,農業科技業,6578.TWO
6584,南俊國際股份有限公司,上櫃,電子零組件業,6584.TWO
6588,東典光電科技股份有限公司,上櫃,通信網路業,6588.TWO
6590,普鴻資訊股份有限公司,上櫃,資訊服務業,6590.TWO
6593,台灣銘板股份有限公司,上櫃,資訊服務業,6593.TWO
6596,寬宏藝術經紀股份有限公司,上櫃,文化創意業,6596.TWO
6597,立誠光電股份有限公司,上櫃,電子零組件業,6597.TWO
6603,富強鑫精密工業股份有限公司,上櫃,電機機械,6603.TWO
6609,台灣瀧澤科技股份有限公司,上櫃,電機機械,6609.TWO
6612,應用奈米醫材科技股份有限公司,上櫃,生技醫療業,6612.TWO
6613,朋億股份有限公司,上櫃,其他電子業,6613.TWO
6615,慧智基因股份有限公司,上櫃,生技醫療業,6615.TWO
6616,特昇國際股份有限公司,上櫃,居家生活業,6616.TWO
6617,共信醫藥科技控股股份有限公司,上櫃,生技醫療業,6617.TWO
6620,漢達生技醫藥股份有限公司,上櫃,生技醫療業,6620.TWO
6624,萬年清環境工程股份有限公司,上櫃,綠能環保業,6624.TWO
6629,泰金投資控股股份有限公司,上櫃,居家生活業,6629.TWO
6637,醫影股份有限公司,上櫃,生技醫療業,6637.TWO
6640,均華精密工業股份有限公司,上櫃,半導體業,6640.TWO
6642,富致科技股份有限公司,上櫃,電子零組件業,6642.TWO
6643,&#20870;星科技股份有限公司,上櫃,半導體業,6643.TWO
6649,台灣生醫材料股份有限公司,上櫃,生技醫療業,6649.TWO
6651,全宇昕科技股份有限公司,上櫃,半導體業,6651.TWO
6654,天正國際精密機械股份有限公司,上櫃,其他電子業,6654.TWO
6661,威健股份有限公司,上櫃,生技醫療業,6661.TWO
6662,樂斯科生物科技股份有限公司,上櫃,生技醫療業,6662.TWO
6664,群翊工業股份有限公司,上櫃,電子零組件業,6664.TWO
6667,信紘科技股份有限公司,上櫃,其他電子業,6667.TWO
6679,鈺太科技股份有限公司,上櫃,半導體業,6679.TWO
6680,鑫創電子股份有限公司,上櫃,電腦及週邊設備業,6680.TWO
6683,雍智科技股份有限公司,上櫃,半導體業,6683.TWO
6684,安格科技股份有限公司,上櫃,半導體業,6684.TWO
6690,安碁資訊股份有限公司,上櫃,數位雲端業,6690.TWO
6692,進金生能源服務股份有限公司,上櫃,綠能環保業,6692.TWO
6693,廣閎科技股份有限公司,上櫃,半導體業,6693.TWO
6697,東捷資訊服務股份有限公司,上櫃,資訊服務業,6697.TWO
6703,軒郁國際股份有限公司,上櫃,生技醫療業,6703.TWO
6708,天擎積體電路股份有限公司,上櫃,半導體業,6708.TWO
6712,長聖國際生技股份有限公司,上櫃,生技醫療業,6712.TWO
6716,應廣科技股份有限公司,上櫃,半導體業,6716.TWO
6720,久昌科技股份有限公司,上櫃,半導體業,6720.TWO
6721,信實保全股份有限公司,上櫃,其他業,6721.TWO
6725,台灣矽科宏晟科技股份有限公司,上櫃,其他電子業,6725.TWO
6727,亞泰金屬工業股份有限公司,上櫃,電子零組件業,6727.TWO
6728,上洋產業股份有限公司,上櫃,居家生活業,6728.TWO
6730,常廣股份有限公司,上櫃,生技醫療業,6730.TWO
6732,昇佳電子股份有限公司,上櫃,半導體業,6732.TWO
6733,博晟生醫股份有限公司,上櫃,生技醫療業,6733.TWO
6735,美達科技股份有限公司,上櫃,其他電子業,6735.TWO
6739,竹陞科技股份有限公司,上櫃,其他電子業,6739.TWO
6741,"91APP, Inc.",上櫃,數位雲端業,6741.TWO
6751,智聯服務股份有限公司,上櫃,資訊服務業,6751.TWO
6752,叡揚資訊股份有限公司,上櫃,資訊服務業,6752.TWO
6761,穩得實業股份有限公司,上櫃,電子零組件業,6761.TWO
6762,達亞國際股份有限公司,上櫃,生技醫療業,6762.TWO
6763,綠界科技股份有限公司,上櫃,數位雲端業,6763.TWO
6767,台灣微創醫療器材股份有限公司,上櫃,生技醫療業,6767.TWO
6785,昱展新藥生技股份有限公司,上櫃,生技醫療業,6785.TWO
6788,華景電通股份有限公司,上櫃,半導體業,6788.TWO
6791,虎門科技股份有限公司,上櫃,資訊服務業,6791.TWO
6803,崑鼎綠能環保股份有限公司,上櫃,綠能環保業,6803.TWO
6804,明係事業股份有限公司,上櫃,運動休閒業,6804.TWO
6811,宏碁資訊服務股份有限公司,上櫃,數位雲端業,6811.TWO
6821,聯寶電子股份有限公司,上櫃,電子零組件業,6821.TWO
6823,濾能股份有限公司,上櫃,半導體業,6823.TWO
6829,千附精密股份有限公司,上櫃,半導體業,6829.TWO
6840,東研信超股份有限公司,上櫃,其他電子業,6840.TWO
6841,長佳智能股份有限公司,上櫃,生技醫療業,6841.TWO
6843,進典工業股份有限公司,上櫃,電機機械,6843.TWO
6844,諾貝兒寶貝股份有限公司,上櫃,生技醫療業,6844.TWO
6846,綠茵生技股份有限公司,上櫃,食品工業,6846.TWO
6855,數泓科技股份有限公司,上櫃,其他電子業,6855.TWO
6856,鑫傳國際多媒體科技股份有限公司,上櫃,文化創意業,6856.TWO
6859,伯特光電股份有限公司,上櫃,光電業,6859.TWO
6865,偉康科技股份有限公司,上櫃,數位雲端業,6865.TWO
6870,騰雲科技服務股份有限公司,上櫃,數位雲端業,6870.TWO
6872,浩宇生醫股份有限公司,上櫃,生技醫療業,6872.TWO
6874,倍力資訊股份有限公司,上櫃,資訊服務業,6874.TWO
6875,國邑藥品科技股份有限公司,上櫃,生技醫療業,6875.TWO
6877,鏵友益科技股份有限公司,上櫃,其他電子業,6877.TWO
6881,潤德室內裝修設計工程(股)公司,上櫃,其他業,6881.TWO
6884,海柏特股份有限公司,上櫃,資訊服務業,6884.TWO
6894,衛司特科技股份有限公司,上櫃,綠能環保業,6894.TWO
6895,宏碩系統股份有限公司,上櫃,半導體業,6895.TWO
6899,創為精密材料股份有限公司,上櫃,光電業,6899.TWO
6903,巨漢系統科技股份有限公司,上櫃,其他電子業,6903.TWO
6904,伯鑫工具股份有限公司,上櫃,其他業,6904.TWO
6907,雅特力科技(開曼)股份有限公司,上櫃,半導體業,6907.TWO
6910,德鴻科技股份有限公司,上櫃,數位雲端業,6910.TWO
6913,鴻呈實業股份有限公司,上櫃,電子零組件業,6913.TWO
6922,宸曜科技股份有限公司,上櫃,電腦及週邊設備業,6922.TWO
6925,意藍資訊股份有限公司,上櫃,數位雲端業,6925.TWO
6929,佑全藥品股份有限公司,上櫃,生技醫療業,6929.TWO
6945,圓祥生技股份有限公司,上櫃,生技醫療業,6945.TWO
6953,家碩科技股份有限公司,上櫃,半導體業,6953.TWO
6961,旅天下聯合國際旅行社(股)公司,上櫃,觀光餐旅,6961.TWO
6967,汎瑋材料科技股份有限公司,上櫃,電子零組件業,6967.TWO
6968,萬達寵物事業股份有限公司,上櫃,居家生活業,6968.TWO
6971,惠民實業股份有限公司,上櫃,綠能環保業,6971.TWO
6982,大井泵浦工業股份有限公司,上櫃,電機機械,6982.TWO
6983,華洋精機股份有限公司,上櫃,其他電子業,6983.TWO
6996,力領科技股份有限公司,上櫃,半導體業,6996.TWO
6997,博弘雲端科技股份有限公司,上櫃,數位雲端業,6997.TWO
7402,邑錡股份有限公司,上櫃,光電業,7402.TWO
7547,碩網資訊股份有限公司,上櫃,數位雲端業,7547.TWO
7556,意德士科技股份有限公司,上櫃,半導體業,7556.TWO
7584,樂意傳播股份有限公司,上櫃,文化創意業,7584.TWO
7642,昶瑞機電股份有限公司,上櫃,電機機械,7642.TWO
7703,銳澤實業股份有限公司,上櫃,其他電子業,7703.TWO
7704,明遠精密科技股份有限公司,上櫃,半導體業,7704.TWO
7708,全家國際餐飲股份有限公司,上櫃,觀光餐旅,7708.TWO
7709,榮田精機股份有限公司,上櫃,電機機械,7709.TWO
7712,博盛半導體股份有限公司,上櫃,半導體業,7712.TWO
7713,威力德生醫股份有限公司,上櫃,生技醫療業,7713.TWO
7714,創泓科技股份有限公司,上櫃,數位雲端業,7714.TWO
7715,裕山環境工程股份有限公司,上櫃,綠能環保業,7715.TWO
7716,昱臺國際股份有限公司,上櫃,航運業,7716.TWO
7717,英屬開曼群島商萊德光電(股)公司,上櫃,通信網路業,7717.TWO
7718,友鋮股份有限公司,上櫃,電機機械,7718.TWO
7723,築間餐飲事業股份有限公司,上櫃,觀光餐旅,7723.TWO
7728,光焱科技股份有限公司,上櫃,其他電子業,7728.TWO
7734,印能科技股份有限公司,上櫃,半導體業,7734.TWO
7738,東聯互動股份有限公司,上櫃,數位雲端業,7738.TWO
7743,金利食安科技股份有限公司,上櫃,食品工業,7743.TWO
7744,崴寶精密科技股份有限公司,上櫃,電子零組件業,7744.TWO
7747,昕奇雲端科技股份有限公司,上櫃,數位雲端業,7747.TWO
7751,竑騰科技股份有限公司,上櫃,半導體業,7751.TWO
7753,星亞視覺股份有限公司,上櫃,光電業,7753.TWO
7757,金色三麥餐飲股份有限公司,上櫃,觀光餐旅,7757.TWO
7767,仁大資訊股份有限公司,上櫃,資訊服務業,7767.TWO
7770,君曜科技股份有限公司,上櫃,半導體業,7770.TWO
7772,耀穎光電股份有限公司,上櫃,半導體業,7772.TWO
7777,能率亞洲資本股份有限公司,上櫃,其他業,7777.TWO
7782,光速火箭股份有限公司,上櫃,居家生活業,7782.TWO
7792,安葆國際實業股份有限公司,上櫃,其他電子業,7792.TWO
7794,宏碁智新股份有限公司,上櫃,居家生活業,7794.TWO
7805,威聯通科技股份有限公司,上櫃,數位雲端業,7805.TWO
7810,捷創科技股份有限公司,上櫃,半導體業,7810.TWO
7811,民盛應用企業股份有限公司,上櫃,運動休閒業,7811.TWO
7819,精誠金融科技股份有限公司,上櫃,資訊服務業,7819.TWO
7820,立盈環保科技股份有限公司,上櫃,綠能環保業,7820.TWO
7828,創新服務股份有限公司,上櫃,半導體業,7828.TWO
7842,天能綠電股份有限公司,上櫃,綠能環保業,7842.TWO
8024,佑華微電子股份有限公司,上櫃,半導體業,8024.TWO
8027,鈦昇科技股份有限公司,上櫃,電機機械,8027.TWO
8032,光菱電子股份有限公司,上櫃,電子通路業,8032.TWO
8034,榮群電訊股份有限公司,上櫃,通信網路業,8034.TWO
8038,長園科技實業股份有限公司,上櫃,電子零組件業,8038.TWO
8040,九暘電子股份有限公司,上櫃,半導體業,8040.TWO
8042,臺灣金山電子工業股份有限公司,上櫃,電子零組件業,8042.TWO
8043,蜜望實企業股份有限公司,上櫃,電子零組件業,8043.TWO
8044,網路家庭國際資訊股份有限公司,上櫃,數位雲端業,8044.TWO
8047,星雲電腦股份有限公司,上櫃,其他電子業,8047.TWO
8048,德勝科技股份有限公司,上櫃,通信網路業,8048.TWO
8049,晶采光電科技股份有限公司,上櫃,光電業,8049.TWO
8050,廣積科技股份有限公司,上櫃,電腦及週邊設備業,8050.TWO
8054,安國國際科技股份有限公司,上櫃,半導體業,8054.TWO
8059,凱碩科技股份有限公司,上櫃,通信網路業,8059.TWO
8064,東捷科技股份有限公司,上櫃,光電業,8064.TWO
8066,來思達國際企業股份有限公司,上櫃,居家生活業,8066.TWO
8067,志旭國際股份有限公司,上櫃,電子通路業,8067.TWO
8068,全達國際股份有限公司,上櫃,電子通路業,8068.TWO
8069,元太科技工業股份有限公司,上櫃,光電業,8069.TWO
8071,能率網通股份有限公司,上櫃,電子零組件業,8071.TWO
8074,鉅橡企業股份有限公司,上櫃,電子零組件業,8074.TWO
8076,伍豐科技股份有限公司,上櫃,電腦及週邊設備業,8076.TWO
8077,洛碁實業股份有限公司,上櫃,觀光餐旅,8077.TWO
8080,泰霖事業股份有限公司,上櫃,建材營造,8080.TWO
8083,瑞穎股份有限公司,上櫃,電機機械,8083.TWO
8084,巨虹電子股份有限公司,上櫃,電子通路業,8084.TWO
8085,福華電子股份有限公司,上櫃,其他電子業,8085.TWO
8086,宏捷科技股份有限公司,上櫃,半導體業,8086.TWO
8087,麗升能源科技股份有限公司,上櫃,綠能環保業,8087.TWO
8088,品安科技股份有限公司,上櫃,半導體業,8088.TWO
8089,康全電訊股份有限公司,上櫃,通信網路業,8089.TWO
8091,翔名科技股份有限公司,上櫃,半導體業,8091.TWO
8092,建暐精密科技股份有限公司,上櫃,其他電子業,8092.TWO
8093,保銳科技股份有限公司,上櫃,電子零組件業,8093.TWO
8096,擎亞電子股份有限公司,上櫃,電子通路業,8096.TWO
8097,常珵科技股份有限公司,上櫃,通信網路業,8097.TWO
8099,大同世界科技股份有限公司,上櫃,資訊服務業,8099.TWO
8102,傑霖科技股份有限公司,上櫃,半導體業,8102.TWO
8107,大億金茂股份有限公司,上櫃,電機機械,8107.TWO
8109,博大科技股份有限公司,上櫃,電子零組件業,8109.TWO
8111,立碁電子工業股份有限公司,上櫃,光電業,8111.TWO
8121,越峰電子材料股份有限公司,上櫃,電子零組件業,8121.TWO
8147,正淩精密工業股份有限公司,上櫃,電子零組件業,8147.TWO
8155,博智電子股份有限公司,上櫃,電子零組件業,8155.TWO
8171,天宇工業股份有限公司,上櫃,綠能環保業,8171.TWO
8176,智捷科技股份有限公司,上櫃,通信網路業,8176.TWO
8182,加高電子股份有限公司,上櫃,電子零組件業,8182.TWO
8183,台灣精星科技股份有限公司,上櫃,其他電子業,8183.TWO
8227,巨有科技股份有限公司,上櫃,半導體業,8227.TWO
8234,新漢股份有限公司,上櫃,電腦及週邊設備業,8234.TWO
8240,華宏新技股份有限公司,上櫃,光電業,8240.TWO
8255,朋程科技股份有限公司,上櫃,電機機械,8255.TWO
8272,全景軟體股份有限公司,上櫃,資訊服務業,8272.TWO
8277,商丞科技股份有限公司,上櫃,半導體業,8277.TWO
8279,生展生物科技股份有限公司,上櫃,生技醫療業,8279.TWO
8284,三竹資訊股份有限公司,上櫃,資訊服務業,8284.TWO
8289,泰藝電子股份有限公司,上櫃,電子零組件業,8289.TWO
8291,尚茂電子材料股份有限公司,上櫃,電子零組件業,8291.TWO
8299,群聯電子股份有限公司,上櫃,半導體業,8299.TWO
8342,益張實業股份有限公司,上櫃,其他業,8342.TWO
8349,恒耀國際股份有限公司,上櫃,鋼鐵工業,8349.TWO
8354,冠好科技股份有限公司,上櫃,其他業,8354.TWO
8358,金居開發股份有限公司,上櫃,電子零組件業,8358.TWO
8383,千附實業股份有限公司,上櫃,半導體業,8383.TWO
8390,金益鼎企業股份有限公司,上櫃,綠能環保業,8390.TWO
8401,白紗科技印刷股份有限公司,上櫃,其他業,8401.TWO
8403,盛弘醫藥股份有限公司,上櫃,生技醫療業,8403.TWO
8409,商之器科技股份有限公司,上櫃,生技醫療業,8409.TWO
8410,森田印刷廠股份有限公司,上櫃,電腦及週邊設備業,8410.TWO
8415,大成國際鋼鐵股份有限公司,上櫃,鋼鐵工業,8415.TWO
8416,實威國際股份有限公司,上櫃,資訊服務業,8416.TWO
8421,旭源包裝科技股份有限公司,上櫃,其他業,8421.TWO
8423,保綠資源股份有限公司,上櫃,綠能環保業,8423.TWO
8424,惠普股份有限公司,上櫃,建材營造,8424.TWO
8426,紅木集團有限公司,上櫃,其他業,8426.TWO
8431,匯鑽科技股份有限公司,上櫃,其他電子業,8431.TWO
8432,東生華製藥股份有限公司,上櫃,生技醫療業,8432.TWO
8433,弘帆股份有限公司,上櫃,居家生活業,8433.TWO
8435,台灣鉅邁股份有限公司,上櫃,其他業,8435.TWO
8436,大江生醫股份有限公司,上櫃,生技醫療業,8436.TWO
8437,大地幼教股份有限公司,上櫃,其他業,8437.TWO
8440,綠電再生股份有限公司,上櫃,綠能環保業,8440.TWO
8444,綠河股份有限公司,上櫃,其他業,8444.TWO
8446,華研國際音樂股份有限公司,上櫃,文化創意業,8446.TWO
8450,霹靂國際多媒體股份有限公司,上櫃,文化創意業,8450.TWO
8455,蓋曼群島商日本大拓股份有限公司,上櫃,其他電子業,8455.TWO
8472,夠麻吉股份有限公司,上櫃,數位雲端業,8472.TWO
8477,創業家數位股份有限公司,上櫃,數位雲端業,8477.TWO
8489,三貝德數位文創股份有限公司,上櫃,其他業,8489.TWO
8905,裕國冷凍冷藏股份有限公司,上櫃,其他業,8905.TWO
8906,花王企業股份有限公司,上櫃,其他業,8906.TWO
8908,欣雄天然氣股份有限公司,上櫃,油電燃氣業,8908.TWO
8916,光隆實業股份有限公司,上櫃,其他業,8916.TWO
8917,欣泰石油氣股份有限公司,上櫃,油電燃氣業,8917.TWO
8921,沈氏藝術印刷股份有限公司,上櫃,其他業,8921.TWO
8923,時報文化出版企業股份有限公司,上櫃,文化創意業,8923.TWO
8924,大田精密工業股份有限公司,上櫃,運動休閒業,8924.TWO
8927,北基國際股份有限公司,上櫃,油電燃氣業,8927.TWO
8928,鉅明股份有限公司,上櫃,運動休閒業,8928.TWO
8929,富堡工業股份有限公司,上櫃,其他業,8929.TWO
8930,青鋼應用材料股份有限公司,上櫃,鋼鐵工業,8930.TWO
8931,大園汽電共生股份有限公司,上櫃,油電燃氣業,8931.TWO
8932,智通科創股份有限公司,上櫃,數位雲端業,8932.TWO
8933,愛地雅工業股份有限公司,上櫃,運動休閒業,8933.TWO
8935,邦泰複合材料股份有限公司,上櫃,其他業,8935.TWO
8936,國統國際股份有限公司,上櫃,其他業,8936.TWO
8937,合騏工業股份有限公司,上櫃,其他業,8937.TWO
8938,明安國際企業股份有限公司,上櫃,運動休閒業,8938.TWO
8941,關中股份有限公司,上櫃,居家生活業,8941.TWO
8942,森鉅科技材料股份有限公司,上櫃,其他業,8942.TWO
9949,琉園股份有限公司,上櫃,文化創意業,9949.TWO
9950,萬國通路股份有限公司,上櫃,塑膠工業,9950.TWO
9951,皇田工業股份有限公司,上櫃,電機機械,9951.TWO
9960,邁達康網路事業股份有限公司,上櫃,運動休閒業,9960.TWO
9962,有益鋼鐵股份有限公司,上櫃,鋼鐵工業,9962.TWO
